family	anchor	alpha	beta	relation	n	degree	best_pieces	accepted	min_coeff	fail_piece	value_at_0	value_at_1	endpoint_falsified	expected
jacobi_turan_gasper_cone	right	0	0	alpha_eq_beta	1	2	1	true	0	-1	0	0	false	positive_claim
jacobi_turan_gasper_cone	left	0	0	alpha_eq_beta	1	2	1	true	0	-1	0	0	false	positive_claim
jacobi_turan_gasper_cone	oriented	0	0	alpha_eq_beta	1	2	1	true	0	-1	0	0	false	positive_claim
jacobi_turan_gasper_cone	right	0	0	alpha_eq_beta	2	4	1	true	0	-1	0	0	false	positive_claim
jacobi_turan_gasper_cone	left	0	0	alpha_eq_beta	2	4	1	true	0	-1	0	0	false	positive_claim
jacobi_turan_gasper_cone	oriented	0	0	alpha_eq_beta	2	4	1	true	0	-1	0	0	false	positive_claim
jacobi_turan_gasper_cone	right	0	0	alpha_eq_beta	3	6	2	true	0	-1	0	0	false	positive_claim
jacobi_turan_gasper_cone	left	0	0	alpha_eq_beta	3	6	2	true	0	-1	0	0	false	positive_claim
jacobi_turan_gasper_cone	oriented	0	0	alpha_eq_beta	3	6	2	true	0	-1	0	0	false	positive_claim
jacobi_turan_gasper_cone	right	0	0	alpha_eq_beta	4	8	2	true	0	-1	0	0	false	positive_claim
jacobi_turan_gasper_cone	left	0	0	alpha_eq_beta	4	8	2	true	0	-1	0	0	false	positive_claim
jacobi_turan_gasper_cone	oriented	0	0	alpha_eq_beta	4	8	2	true	0	-1	0	0	false	positive_claim
jacobi_turan_gasper_cone	right	0	0	alpha_eq_beta	5	10	2	true	0	-1	0	0	false	positive_claim
jacobi_turan_gasper_cone	left	0	0	alpha_eq_beta	5	10	2	true	0	-1	0	0	false	positive_claim
jacobi_turan_gasper_cone	oriented	0	0	alpha_eq_beta	5	10	2	true	0	-1	0	0	false	positive_claim
jacobi_turan_gasper_cone	right	0	0	alpha_eq_beta	6	12	2	true	0	-1	0	0	false	positive_claim
jacobi_turan_gasper_cone	left	0	0	alpha_eq_beta	6	12	2	true	0	-1	0	0	false	positive_claim
jacobi_turan_gasper_cone	oriented	0	0	alpha_eq_beta	6	12	2	true	0	-1	0	0	false	positive_claim
jacobi_turan_gasper_cone	right	0	0	alpha_eq_beta	7	14	4	true	0	-1	0	0	false	positive_claim
jacobi_turan_gasper_cone	left	0	0	alpha_eq_beta	7	14	4	true	0	-1	0	0	false	positive_claim
jacobi_turan_gasper_cone	oriented	0	0	alpha_eq_beta	7	14	4	true	0	-1	0	0	false	positive_claim
jacobi_turan_gasper_cone	right	0	0	alpha_eq_beta	8	16	4	true	0	-1	0	0	false	positive_claim
jacobi_turan_gasper_cone	left	0	0	alpha_eq_beta	8	16	4	true	0	-1	0	0	false	positive_claim
jacobi_turan_gasper_cone	oriented	0	0	alpha_eq_beta	8	16	4	true	0	-1	0	0	false	positive_claim
jacobi_turan_gasper_cone	right	0	0	alpha_eq_beta	9	18	4	true	0	-1	0	0	false	positive_claim
jacobi_turan_gasper_cone	left	0	0	alpha_eq_beta	9	18	4	true	0	-1	0	0	false	positive_claim
jacobi_turan_gasper_cone	oriented	0	0	alpha_eq_beta	9	18	4	true	0	-1	0	0	false	positive_claim
jacobi_turan_gasper_cone	right	0	0	alpha_eq_beta	10	20	4	true	0	-1	0	0	false	positive_claim
jacobi_turan_gasper_cone	left	0	0	alpha_eq_beta	10	20	4	true	0	-1	0	0	false	positive_claim
jacobi_turan_gasper_cone	oriented	0	0	alpha_eq_beta	10	20	4	true	0	-1	0	0	false	positive_claim
jacobi_turan_gasper_cone	right	0	0	alpha_eq_beta	11	22	4	true	0	-1	0	0	false	positive_claim
jacobi_turan_gasper_cone	left	0	0	alpha_eq_beta	11	22	4	true	0	-1	0	0	false	positive_claim
jacobi_turan_gasper_cone	oriented	0	0	alpha_eq_beta	11	22	4	true	0	-1	0	0	false	positive_claim
jacobi_turan_gasper_cone	right	0	0	alpha_eq_beta	12	24	4	true	0	-1	0	0	false	positive_claim
jacobi_turan_gasper_cone	left	0	0	alpha_eq_beta	12	24	4	true	0	-1	0	0	false	positive_claim
jacobi_turan_gasper_cone	oriented	0	0	alpha_eq_beta	12	24	4	true	0	-1	0	0	false	positive_claim
jacobi_turan_gasper_cone	right	0	0	alpha_eq_beta	13	26	4	true	0	-1	0	0	false	positive_claim
jacobi_turan_gasper_cone	left	0	0	alpha_eq_beta	13	26	4	true	0	-1	0	0	false	positive_claim
jacobi_turan_gasper_cone	oriented	0	0	alpha_eq_beta	13	26	4	true	0	-1	0	0	false	positive_claim
jacobi_turan_gasper_cone	right	0	0	alpha_eq_beta	14	28	4	true	0	-1	0	0	false	positive_claim
jacobi_turan_gasper_cone	left	0	0	alpha_eq_beta	14	28	4	true	0	-1	0	0	false	positive_claim
jacobi_turan_gasper_cone	oriented	0	0	alpha_eq_beta	14	28	4	true	0	-1	0	0	false	positive_claim
jacobi_turan_gasper_cone	right	0	0	alpha_eq_beta	15	30	8	true	0	-1	0	0	false	positive_claim
jacobi_turan_gasper_cone	left	0	0	alpha_eq_beta	15	30	8	true	0	-1	0	0	false	positive_claim
jacobi_turan_gasper_cone	oriented	0	0	alpha_eq_beta	15	30	8	true	0	-1	0	0	false	positive_claim
jacobi_turan_gasper_cone	right	0	0	alpha_eq_beta	16	32	8	true	0	-1	0	0	false	positive_claim
jacobi_turan_gasper_cone	left	0	0	alpha_eq_beta	16	32	8	true	0	-1	0	0	false	positive_claim
jacobi_turan_gasper_cone	oriented	0	0	alpha_eq_beta	16	32	8	true	0	-1	0	0	false	positive_claim
jacobi_turan_gasper_cone	right	0	0	alpha_eq_beta	17	34	8	true	0	-1	0	0	false	positive_claim
jacobi_turan_gasper_cone	left	0	0	alpha_eq_beta	17	34	8	true	0	-1	0	0	false	positive_claim
jacobi_turan_gasper_cone	oriented	0	0	alpha_eq_beta	17	34	8	true	0	-1	0	0	false	positive_claim
jacobi_turan_gasper_cone	right	0	0	alpha_eq_beta	18	36	8	true	0	-1	0	0	false	positive_claim
jacobi_turan_gasper_cone	left	0	0	alpha_eq_beta	18	36	8	true	0	-1	0	0	false	positive_claim
jacobi_turan_gasper_cone	oriented	0	0	alpha_eq_beta	18	36	8	true	0	-1	0	0	false	positive_claim
jacobi_turan_gasper_cone	right	1/2	0	alpha_gt_beta	1	2	0	false	-4/45	-2	-4/45	0	true	outside_cone
jacobi_turan_gasper_cone	left	1/2	0	alpha_gt_beta	1	2	1	true	0	-1	0	3/8	false	positive_claim
jacobi_turan_gasper_cone	oriented	1/2	0	alpha_gt_beta	1	2	1	true	0	-1	0	3/8	false	positive_claim
jacobi_turan_gasper_cone	wrong	1/2	0	alpha_gt_beta	1	2	0	false	-4/45	-2	-4/45	0	true	outside_cone
jacobi_turan_gasper_cone	right	1/2	0	alpha_gt_beta	2	4	0	false	-32/1575	-2	-32/1575	0	true	outside_cone
jacobi_turan_gasper_cone	left	1/2	0	alpha_gt_beta	2	4	2	true	0	-1	0	15/64	false	positive_claim
jacobi_turan_gasper_cone	oriented	1/2	0	alpha_gt_beta	2	4	2	true	0	-1	0	15/64	false	positive_claim
jacobi_turan_gasper_cone	wrong	1/2	0	alpha_gt_beta	2	4	0	false	-32/1575	-2	-32/1575	0	true	outside_cone
jacobi_turan_gasper_cone	right	1/2	0	alpha_gt_beta	3	6	0	false	-256/33075	-2	-256/33075	0	true	outside_cone
jacobi_turan_gasper_cone	left	1/2	0	alpha_gt_beta	3	6	2	true	0	-1	0	175/1024	false	positive_claim
jacobi_turan_gasper_cone	oriented	1/2	0	alpha_gt_beta	3	6	2	true	0	-1	0	175/1024	false	positive_claim
jacobi_turan_gasper_cone	wrong	1/2	0	alpha_gt_beta	3	6	0	false	-256/33075	-2	-256/33075	0	true	outside_cone
jacobi_turan_gasper_cone	right	1/2	0	alpha_gt_beta	4	8	0	false	-4096/1091475	-2	-4096/1091475	0	true	outside_cone
jacobi_turan_gasper_cone	left	1/2	0	alpha_gt_beta	4	8	2	true	0	-1	0	2205/16384	false	positive_claim
jacobi_turan_gasper_cone	oriented	1/2	0	alpha_gt_beta	4	8	2	true	0	-1	0	2205/16384	false	positive_claim
jacobi_turan_gasper_cone	wrong	1/2	0	alpha_gt_beta	4	8	0	false	-4096/1091475	-2	-4096/1091475	0	true	outside_cone
jacobi_turan_gasper_cone	right	1/2	0	alpha_gt_beta	5	10	0	false	-65536/31216185	-2	-65536/31216185	0	true	outside_cone
jacobi_turan_gasper_cone	left	1/2	0	alpha_gt_beta	5	10	2	true	0	-1	0	14553/131072	false	positive_claim
jacobi_turan_gasper_cone	oriented	1/2	0	alpha_gt_beta	5	10	2	true	0	-1	0	14553/131072	false	positive_claim
jacobi_turan_gasper_cone	wrong	1/2	0	alpha_gt_beta	5	10	0	false	-65536/31216185	-2	-65536/31216185	0	true	outside_cone
jacobi_turan_gasper_cone	right	1/2	0	alpha_gt_beta	6	12	0	false	-524288/405810405	-2	-524288/405810405	0	true	outside_cone
jacobi_turan_gasper_cone	left	1/2	0	alpha_gt_beta	6	12	4	true	0	-1	0	99099/1048576	false	positive_claim
jacobi_turan_gasper_cone	oriented	1/2	0	alpha_gt_beta	6	12	4	true	0	-1	0	99099/1048576	false	positive_claim
jacobi_turan_gasper_cone	wrong	1/2	0	alpha_gt_beta	6	12	0	false	-524288/405810405	-2	-524288/405810405	0	true	outside_cone
jacobi_turan_gasper_cone	right	1/2	0	alpha_gt_beta	7	14	0	false	-4194304/4927697775	-2	-4194304/4927697775	0	true	outside_cone
jacobi_turan_gasper_cone	left	1/2	0	alpha_gt_beta	7	14	4	true	0	-1	0	2760615/33554432	false	positive_claim
jacobi_turan_gasper_cone	oriented	1/2	0	alpha_gt_beta	7	14	4	true	0	-1	0	2760615/33554432	false	positive_claim
jacobi_turan_gasper_cone	wrong	1/2	0	alpha_gt_beta	7	14	0	false	-4194304/4927697775	-2	-4194304/4927697775	0	true	outside_cone
jacobi_turan_gasper_cone	right	1/2	0	alpha_gt_beta	8	16	0	false	-134217728/227378054475	-2	-134217728/227378054475	0	true	outside_cone
jacobi_turan_gasper_cone	left	1/2	0	alpha_gt_beta	8	16	4	true	0	-1	0	78217425/1073741824	false	positive_claim
jacobi_turan_gasper_cone	oriented	1/2	0	alpha_gt_beta	8	16	4	true	0	-1	0	78217425/1073741824	false	positive_claim
jacobi_turan_gasper_cone	wrong	1/2	0	alpha_gt_beta	8	16	0	false	-134217728/227378054475	-2	-134217728/227378054475	0	true	outside_cone
jacobi_turan_gasper_cone	right	1/2	0	alpha_gt_beta	9	18	0	false	-4294967296/10080427081725	-2	-4294967296/10080427081725	0	true	outside_cone
jacobi_turan_gasper_cone	left	1/2	0	alpha_gt_beta	9	18	4	true	0	-1	0	561427295/8589934592	false	positive_claim
jacobi_turan_gasper_cone	oriented	1/2	0	alpha_gt_beta	9	18	4	true	0	-1	0	561427295/8589934592	false	positive_claim
jacobi_turan_gasper_cone	wrong	1/2	0	alpha_gt_beta	9	18	0	false	-4294967296/10080427081725	-2	-4294967296/10080427081725	0	true	outside_cone
jacobi_turan_gasper_cone	right	1/2	0	alpha_gt_beta	10	20	0	false	-34359738368/108196584010515	-2	-34359738368/108196584010515	0	true	outside_cone
jacobi_turan_gasper_cone	left	1/2	0	alpha_gt_beta	10	20	4	true	0	-1	0	4072899831/68719476736	false	positive_claim
jacobi_turan_gasper_cone	oriented	1/2	0	alpha_gt_beta	10	20	4	true	0	-1	0	4072899831/68719476736	false	positive_claim
jacobi_turan_gasper_cone	wrong	1/2	0	alpha_gt_beta	10	20	0	false	-34359738368/108196584010515	-2	-34359738368/108196584010515	0	true	outside_cone
jacobi_turan_gasper_cone	right	1/2	0	alpha_gt_beta	11	22	0	false	-274877906944/1131146105564475	-2	-274877906944/1131146105564475	0	true	outside_cone
jacobi_turan_gasper_cone	left	1/2	0	alpha_gt_beta	11	22	4	true	0	-1	0	59612442981/1099511627776	false	positive_claim
jacobi_turan_gasper_cone	oriented	1/2	0	alpha_gt_beta	11	22	4	true	0	-1	0	59612442981/1099511627776	false	positive_claim
jacobi_turan_gasper_cone	wrong	1/2	0	alpha_gt_beta	11	22	0	false	-274877906944/1131146105564475	-2	-274877906944/1131146105564475	0	true	outside_cone
jacobi_turan_gasper_cone	right	1/2	0	alpha_gt_beta	12	24	0	false	-4398046511104/23137079432000625	-2	-4398046511104/23137079432000625	0	true	outside_cone
jacobi_turan_gasper_cone	left	1/2	0	alpha_gt_beta	12	24	4	true	0	-1	0	878901402925/17592186044416	false	positive_claim
jacobi_turan_gasper_cone	oriented	1/2	0	alpha_gt_beta	12	24	4	true	0	-1	0	878901402925/17592186044416	false	positive_claim
jacobi_turan_gasper_cone	wrong	1/2	0	alpha_gt_beta	12	24	0	false	-4398046511104/23137079432000625	-2	-4398046511104/23137079432000625	0	true	outside_cone
jacobi_turan_gasper_cone	right	1/2	0	alpha_gt_beta	13	26	0	false	-70368744177664/464521363980935625	-2	-70368744177664/464521363980935625	0	true	outside_cone
jacobi_turan_gasper_cone	left	1/2	0	alpha_gt_beta	13	26	4	true	0	-1	0	6519323593125/140737488355328	false	positive_claim
jacobi_turan_gasper_cone	oriented	1/2	0	alpha_gt_beta	13	26	4	true	0	-1	0	6519323593125/140737488355328	false	positive_claim
jacobi_turan_gasper_cone	wrong	1/2	0	alpha_gt_beta	13	26	0	false	-70368744177664/464521363980935625	-2	-70368744177664/464521363980935625	0	true	outside_cone
jacobi_turan_gasper_cone	right	1/2	0	alpha_gt_beta	14	28	0	false	-562949953421312/4589062705701770625	-2	-562949953421312/4589062705701770625	0	true	outside_cone
jacobi_turan_gasper_cone	left	1/2	0	alpha_gt_beta	14	28	8	true	0	-1	0	48615527365875/1125899906842624	false	positive_claim
jacobi_turan_gasper_cone	oriented	1/2	0	alpha_gt_beta	14	28	8	true	0	-1	0	48615527365875/1125899906842624	false	positive_claim
jacobi_turan_gasper_cone	wrong	1/2	0	alpha_gt_beta	14	28	0	false	-562949953421312/4589062705701770625	-2	-562949953421312/4589062705701770625	0	true	outside_cone
jacobi_turan_gasper_cone	right	1/2	0	alpha_gt_beta	15	30	0	false	-4503599627370496/44710582361265822375	-2	-4503599627370496/44710582361265822375	0	true	outside_cone
jacobi_turan_gasper_cone	left	1/2	0	alpha_gt_beta	15	30	8	true	0	-1	0	2913690606794775/72057594037927936	false	positive_claim
jacobi_turan_gasper_cone	oriented	1/2	0	alpha_gt_beta	15	30	8	true	0	-1	0	2913690606794775/72057594037927936	false	positive_claim
jacobi_turan_gasper_cone	wrong	1/2	0	alpha_gt_beta	15	30	0	false	-4503599627370496/44710582361265822375	-2	-4503599627370496/44710582361265822375	0	true	outside_cone
jacobi_turan_gasper_cone	right	1/2	0	alpha_gt_beta	16	32	0	false	-288230376151711744/3442714841817468322875	-2	-288230376151711744/3442714841817468322875	0	true	outside_cone
jacobi_turan_gasper_cone	left	1/2	0	alpha_gt_beta	16	32	8	true	0	-1	0	175335617103003225/4611686018427387904	false	positive_claim
jacobi_turan_gasper_cone	oriented	1/2	0	alpha_gt_beta	16	32	8	true	0	-1	0	175335617103003225/4611686018427387904	false	positive_claim
jacobi_turan_gasper_cone	wrong	1/2	0	alpha_gt_beta	16	32	0	false	-288230376151711744/3442714841817468322875	-2	-288230376151711744/3442714841817468322875	0	true	outside_cone
jacobi_turan_gasper_cone	right	1/2	0	alpha_gt_beta	17	34	0	false	-18446744073709551616/262253865891389498713125	-2	-18446744073709551616/262253865891389498713125	0	true	outside_cone
jacobi_turan_gasper_cone	left	1/2	0	alpha_gt_beta	17	34	8	true	0	-1	0	1323612011463847875/36893488147419103232	false	positive_claim
jacobi_turan_gasper_cone	oriented	1/2	0	alpha_gt_beta	17	34	8	true	0	-1	0	1323612011463847875/36893488147419103232	false	positive_claim
jacobi_turan_gasper_cone	wrong	1/2	0	alpha_gt_beta	17	34	0	false	-18446744073709551616/262253865891389498713125	-2	-18446744073709551616/262253865891389498713125	0	true	outside_cone
jacobi_turan_gasper_cone	right	1/2	0	alpha_gt_beta	18	36	0	false	-147573952589676412928/2473413911642320566294375	-2	-147573952589676412928/2473413911642320566294375	0	true	outside_cone
jacobi_turan_gasper_cone	left	1/2	0	alpha_gt_beta	18	36	8	true	0	-1	0	10023845349974754375/295147905179352825856	false	positive_claim
jacobi_turan_gasper_cone	oriented	1/2	0	alpha_gt_beta	18	36	8	true	0	-1	0	10023845349974754375/295147905179352825856	false	positive_claim
jacobi_turan_gasper_cone	wrong	1/2	0	alpha_gt_beta	18	36	0	false	-147573952589676412928/2473413911642320566294375	-2	-147573952589676412928/2473413911642320566294375	0	true	outside_cone
jacobi_turan_gasper_cone	right	0	1/2	beta_gt_alpha	1	2	1	true	0	-1	3/8	0	false	positive_claim
jacobi_turan_gasper_cone	left	0	1/2	beta_gt_alpha	1	2	0	false	-4/45	-2	0	-4/45	true	outside_cone
jacobi_turan_gasper_cone	oriented	0	1/2	beta_gt_alpha	1	2	1	true	0	-1	3/8	0	false	positive_claim
jacobi_turan_gasper_cone	wrong	0	1/2	beta_gt_alpha	1	2	0	false	-4/45	-2	0	-4/45	true	outside_cone
jacobi_turan_gasper_cone	right	0	1/2	beta_gt_alpha	2	4	2	true	0	-1	15/64	0	false	positive_claim
jacobi_turan_gasper_cone	left	0	1/2	beta_gt_alpha	2	4	0	false	-32/1575	-2	0	-32/1575	true	outside_cone
jacobi_turan_gasper_cone	oriented	0	1/2	beta_gt_alpha	2	4	2	true	0	-1	15/64	0	false	positive_claim
jacobi_turan_gasper_cone	wrong	0	1/2	beta_gt_alpha	2	4	0	false	-32/1575	-2	0	-32/1575	true	outside_cone
jacobi_turan_gasper_cone	right	0	1/2	beta_gt_alpha	3	6	2	true	0	-1	175/1024	0	false	positive_claim
jacobi_turan_gasper_cone	left	0	1/2	beta_gt_alpha	3	6	0	false	-256/33075	-2	0	-256/33075	true	outside_cone
jacobi_turan_gasper_cone	oriented	0	1/2	beta_gt_alpha	3	6	2	true	0	-1	175/1024	0	false	positive_claim
jacobi_turan_gasper_cone	wrong	0	1/2	beta_gt_alpha	3	6	0	false	-256/33075	-2	0	-256/33075	true	outside_cone
jacobi_turan_gasper_cone	right	0	1/2	beta_gt_alpha	4	8	2	true	0	-1	2205/16384	0	false	positive_claim
jacobi_turan_gasper_cone	left	0	1/2	beta_gt_alpha	4	8	0	false	-4096/1091475	-2	0	-4096/1091475	true	outside_cone
jacobi_turan_gasper_cone	oriented	0	1/2	beta_gt_alpha	4	8	2	true	0	-1	2205/16384	0	false	positive_claim
jacobi_turan_gasper_cone	wrong	0	1/2	beta_gt_alpha	4	8	0	false	-4096/1091475	-2	0	-4096/1091475	true	outside_cone
jacobi_turan_gasper_cone	right	0	1/2	beta_gt_alpha	5	10	2	true	0	-1	14553/131072	0	false	positive_claim
jacobi_turan_gasper_cone	left	0	1/2	beta_gt_alpha	5	10	0	false	-65536/31216185	-2	0	-65536/31216185	true	outside_cone
jacobi_turan_gasper_cone	oriented	0	1/2	beta_gt_alpha	5	10	2	true	0	-1	14553/131072	0	false	positive_claim
jacobi_turan_gasper_cone	wrong	0	1/2	beta_gt_alpha	5	10	0	false	-65536/31216185	-2	0	-65536/31216185	true	outside_cone
jacobi_turan_gasper_cone	right	0	1/2	beta_gt_alpha	6	12	4	true	0	-1	99099/1048576	0	false	positive_claim
jacobi_turan_gasper_cone	left	0	1/2	beta_gt_alpha	6	12	0	false	-524288/405810405	-2	0	-524288/405810405	true	outside_cone
jacobi_turan_gasper_cone	oriented	0	1/2	beta_gt_alpha	6	12	4	true	0	-1	99099/1048576	0	false	positive_claim
jacobi_turan_gasper_cone	wrong	0	1/2	beta_gt_alpha	6	12	0	false	-524288/405810405	-2	0	-524288/405810405	true	outside_cone
jacobi_turan_gasper_cone	right	0	1/2	beta_gt_alpha	7	14	4	true	0	-1	2760615/33554432	0	false	positive_claim
jacobi_turan_gasper_cone	left	0	1/2	beta_gt_alpha	7	14	0	false	-4194304/4927697775	-2	0	-4194304/4927697775	true	outside_cone
jacobi_turan_gasper_cone	oriented	0	1/2	beta_gt_alpha	7	14	4	true	0	-1	2760615/33554432	0	false	positive_claim
jacobi_turan_gasper_cone	wrong	0	1/2	beta_gt_alpha	7	14	0	false	-4194304/4927697775	-2	0	-4194304/4927697775	true	outside_cone
jacobi_turan_gasper_cone	right	0	1/2	beta_gt_alpha	8	16	4	true	0	-1	78217425/1073741824	0	false	positive_claim
jacobi_turan_gasper_cone	left	0	1/2	beta_gt_alpha	8	16	0	false	-134217728/227378054475	-2	0	-134217728/227378054475	true	outside_cone
jacobi_turan_gasper_cone	oriented	0	1/2	beta_gt_alpha	8	16	4	true	0	-1	78217425/1073741824	0	false	positive_claim
jacobi_turan_gasper_cone	wrong	0	1/2	beta_gt_alpha	8	16	0	false	-134217728/227378054475	-2	0	-134217728/227378054475	true	outside_cone
jacobi_turan_gasper_cone	right	0	1/2	beta_gt_alpha	9	18	4	true	0	-1	561427295/8589934592	0	false	positive_claim
jacobi_turan_gasper_cone	left	0	1/2	beta_gt_alpha	9	18	0	false	-4294967296/10080427081725	-2	0	-4294967296/10080427081725	true	outside_cone
jacobi_turan_gasper_cone	oriented	0	1/2	beta_gt_alpha	9	18	4	true	0	-1	561427295/8589934592	0	false	positive_claim
jacobi_turan_gasper_cone	wrong	0	1/2	beta_gt_alpha	9	18	0	false	-4294967296/10080427081725	-2	0	-4294967296/10080427081725	true	outside_cone
jacobi_turan_gasper_cone	right	0	1/2	beta_gt_alpha	10	20	4	true	0	-1	4072899831/68719476736	0	false	positive_claim
jacobi_turan_gasper_cone	left	0	1/2	beta_gt_alpha	10	20	0	false	-34359738368/108196584010515	-2	0	-34359738368/108196584010515	true	outside_cone
jacobi_turan_gasper_cone	oriented	0	1/2	beta_gt_alpha	10	20	4	true	0	-1	4072899831/68719476736	0	false	positive_claim
jacobi_turan_gasper_cone	wrong	0	1/2	beta_gt_alpha	10	20	0	false	-34359738368/108196584010515	-2	0	-34359738368/108196584010515	true	outside_cone
jacobi_turan_gasper_cone	right	0	1/2	beta_gt_alpha	11	22	4	true	0	-1	59612442981/1099511627776	0	false	positive_claim
jacobi_turan_gasper_cone	left	0	1/2	beta_gt_alpha	11	22	0	false	-274877906944/1131146105564475	-2	0	-274877906944/1131146105564475	true	outside_cone
jacobi_turan_gasper_cone	oriented	0	1/2	beta_gt_alpha	11	22	4	true	0	-1	59612442981/1099511627776	0	false	positive_claim
jacobi_turan_gasper_cone	wrong	0	1/2	beta_gt_alpha	11	22	0	false	-274877906944/1131146105564475	-2	0	-274877906944/1131146105564475	true	outside_cone
jacobi_turan_gasper_cone	right	0	1/2	beta_gt_alpha	12	24	4	true	0	-1	878901402925/17592186044416	0	false	positive_claim
jacobi_turan_gasper_cone	left	0	1/2	beta_gt_alpha	12	24	0	false	-4398046511104/23137079432000625	-2	0	-4398046511104/23137079432000625	true	outside_cone
jacobi_turan_gasper_cone	oriented	0	1/2	beta_gt_alpha	12	24	4	true	0	-1	878901402925/17592186044416	0	false	positive_claim
jacobi_turan_gasper_cone	wrong	0	1/2	beta_gt_alpha	12	24	0	false	-4398046511104/23137079432000625	-2	0	-4398046511104/23137079432000625	true	outside_cone
jacobi_turan_gasper_cone	right	0	1/2	beta_gt_alpha	13	26	4	true	0	-1	6519323593125/140737488355328	0	false	positive_claim
jacobi_turan_gasper_cone	left	0	1/2	beta_gt_alpha	13	26	0	false	-70368744177664/464521363980935625	-2	0	-70368744177664/464521363980935625	true	outside_cone
jacobi_turan_gasper_cone	oriented	0	1/2	beta_gt_alpha	13	26	4	true	0	-1	6519323593125/140737488355328	0	false	positive_claim
jacobi_turan_gasper_cone	wrong	0	1/2	beta_gt_alpha	13	26	0	false	-70368744177664/464521363980935625	-2	0	-70368744177664/464521363980935625	true	outside_cone
jacobi_turan_gasper_cone	right	0	1/2	beta_gt_alpha	14	28	8	true	0	-1	48615527365875/1125899906842624	0	false	positive_claim
jacobi_turan_gasper_cone	left	0	1/2	beta_gt_alpha	14	28	0	false	-562949953421312/4589062705701770625	-2	0	-562949953421312/4589062705701770625	true	outside_cone
jacobi_turan_gasper_cone	oriented	0	1/2	beta_gt_alpha	14	28	8	true	0	-1	48615527365875/1125899906842624	0	false	positive_claim
jacobi_turan_gasper_cone	wrong	0	1/2	beta_gt_alpha	14	28	0	false	-562949953421312/4589062705701770625	-2	0	-562949953421312/4589062705701770625	true	outside_cone
jacobi_turan_gasper_cone	right	0	1/2	beta_gt_alpha	15	30	8	true	0	-1	2913690606794775/72057594037927936	0	false	positive_claim
jacobi_turan_gasper_cone	left	0	1/2	beta_gt_alpha	15	30	0	false	-4503599627370496/44710582361265822375	-2	0	-4503599627370496/44710582361265822375	true	outside_cone
jacobi_turan_gasper_cone	oriented	0	1/2	beta_gt_alpha	15	30	8	true	0	-1	2913690606794775/72057594037927936	0	false	positive_claim
jacobi_turan_gasper_cone	wrong	0	1/2	beta_gt_alpha	15	30	0	false	-4503599627370496/44710582361265822375	-2	0	-4503599627370496/44710582361265822375	true	outside_cone
jacobi_turan_gasper_cone	right	0	1/2	beta_gt_alpha	16	32	8	true	0	-1	175335617103003225/4611686018427387904	0	false	positive_claim
jacobi_turan_gasper_cone	left	0	1/2	beta_gt_alpha	16	32	0	false	-288230376151711744/3442714841817468322875	-2	0	-288230376151711744/3442714841817468322875	true	outside_cone
jacobi_turan_gasper_cone	oriented	0	1/2	beta_gt_alpha	16	32	8	true	0	-1	175335617103003225/4611686018427387904	0	false	positive_claim
jacobi_turan_gasper_cone	wrong	0	1/2	beta_gt_alpha	16	32	0	false	-288230376151711744/3442714841817468322875	-2	0	-288230376151711744/3442714841817468322875	true	outside_cone
jacobi_turan_gasper_cone	right	0	1/2	beta_gt_alpha	17	34	8	true	0	-1	1323612011463847875/36893488147419103232	0	false	positive_claim
jacobi_turan_gasper_cone	left	0	1/2	beta_gt_alpha	17	34	0	false	-18446744073709551616/262253865891389498713125	-2	0	-18446744073709551616/262253865891389498713125	true	outside_cone
jacobi_turan_gasper_cone	oriented	0	1/2	beta_gt_alpha	17	34	8	true	0	-1	1323612011463847875/36893488147419103232	0	false	positive_claim
jacobi_turan_gasper_cone	wrong	0	1/2	beta_gt_alpha	17	34	0	false	-18446744073709551616/262253865891389498713125	-2	0	-18446744073709551616/262253865891389498713125	true	outside_cone
jacobi_turan_gasper_cone	right	0	1/2	beta_gt_alpha	18	36	8	true	0	-1	10023845349974754375/295147905179352825856	0	false	positive_claim
jacobi_turan_gasper_cone	left	0	1/2	beta_gt_alpha	18	36	0	false	-147573952589676412928/2473413911642320566294375	-2	0	-147573952589676412928/2473413911642320566294375	true	outside_cone
jacobi_turan_gasper_cone	oriented	0	1/2	beta_gt_alpha	18	36	8	true	0	-1	10023845349974754375/295147905179352825856	0	false	positive_claim
jacobi_turan_gasper_cone	wrong	0	1/2	beta_gt_alpha	18	36	0	false	-147573952589676412928/2473413911642320566294375	-2	0	-147573952589676412928/2473413911642320566294375	true	outside_cone
jacobi_turan_gasper_cone	right	1	0	alpha_gt_beta	1	2	0	false	-1/12	-2	-1/12	0	true	outside_cone
jacobi_turan_gasper_cone	left	1	0	alpha_gt_beta	1	2	1	true	0	-1	0	1	false	positive_claim
jacobi_turan_gasper_cone	oriented	1	0	alpha_gt_beta	1	2	1	true	0	-1	0	1	false	positive_claim
jacobi_turan_gasper_cone	wrong	1	0	alpha_gt_beta	1	2	0	false	-1/12	-2	-1/12	0	true	outside_cone
jacobi_turan_gasper_cone	right	1	0	alpha_gt_beta	2	4	0	false	-1/72	-2	-1/72	0	true	outside_cone
jacobi_turan_gasper_cone	left	1	0	alpha_gt_beta	2	4	1	true	0	-1	0	1	false	positive_claim
jacobi_turan_gasper_cone	oriented	1	0	alpha_gt_beta	2	4	1	true	0	-1	0	1	false	positive_claim
jacobi_turan_gasper_cone	wrong	1	0	alpha_gt_beta	2	4	0	false	-1/72	-2	-1/72	0	true	outside_cone
jacobi_turan_gasper_cone	right	1	0	alpha_gt_beta	3	6	0	false	-1/240	-2	-1/240	0	true	outside_cone
jacobi_turan_gasper_cone	left	1	0	alpha_gt_beta	3	6	2	true	0	-1	0	1	false	positive_claim
jacobi_turan_gasper_cone	oriented	1	0	alpha_gt_beta	3	6	2	true	0	-1	0	1	false	positive_claim
jacobi_turan_gasper_cone	wrong	1	0	alpha_gt_beta	3	6	0	false	-1/240	-2	-1/240	0	true	outside_cone
jacobi_turan_gasper_cone	right	1	0	alpha_gt_beta	4	8	0	false	-1/600	-2	-1/600	0	true	outside_cone
jacobi_turan_gasper_cone	left	1	0	alpha_gt_beta	4	8	2	true	0	-1	0	1	false	positive_claim
jacobi_turan_gasper_cone	oriented	1	0	alpha_gt_beta	4	8	2	true	0	-1	0	1	false	positive_claim
jacobi_turan_gasper_cone	wrong	1	0	alpha_gt_beta	4	8	0	false	-1/600	-2	-1/600	0	true	outside_cone
jacobi_turan_gasper_cone	right	1	0	alpha_gt_beta	5	10	0	false	-1/1260	-2	-1/1260	0	true	outside_cone
jacobi_turan_gasper_cone	left	1	0	alpha_gt_beta	5	10	2	true	0	-1	0	1	false	positive_claim
jacobi_turan_gasper_cone	oriented	1	0	alpha_gt_beta	5	10	2	true	0	-1	0	1	false	positive_claim
jacobi_turan_gasper_cone	wrong	1	0	alpha_gt_beta	5	10	0	false	-1/1260	-2	-1/1260	0	true	outside_cone
jacobi_turan_gasper_cone	right	1	0	alpha_gt_beta	6	12	0	false	-1/2352	-2	-1/2352	0	true	outside_cone
jacobi_turan_gasper_cone	left	1	0	alpha_gt_beta	6	12	4	true	0	-1	0	1	false	positive_claim
jacobi_turan_gasper_cone	oriented	1	0	alpha_gt_beta	6	12	4	true	0	-1	0	1	false	positive_claim
jacobi_turan_gasper_cone	wrong	1	0	alpha_gt_beta	6	12	0	false	-1/2352	-2	-1/2352	0	true	outside_cone
jacobi_turan_gasper_cone	right	1	0	alpha_gt_beta	7	14	0	false	-1/4032	-2	-1/4032	0	true	outside_cone
jacobi_turan_gasper_cone	left	1	0	alpha_gt_beta	7	14	4	true	0	-1	0	1	false	positive_claim
jacobi_turan_gasper_cone	oriented	1	0	alpha_gt_beta	7	14	4	true	0	-1	0	1	false	positive_claim
jacobi_turan_gasper_cone	wrong	1	0	alpha_gt_beta	7	14	0	false	-1/4032	-2	-1/4032	0	true	outside_cone
jacobi_turan_gasper_cone	right	1	0	alpha_gt_beta	8	16	0	false	-1/6480	-2	-1/6480	0	true	outside_cone
jacobi_turan_gasper_cone	left	1	0	alpha_gt_beta	8	16	4	true	0	-1	0	1	false	positive_claim
jacobi_turan_gasper_cone	oriented	1	0	alpha_gt_beta	8	16	4	true	0	-1	0	1	false	positive_claim
jacobi_turan_gasper_cone	wrong	1	0	alpha_gt_beta	8	16	0	false	-1/6480	-2	-1/6480	0	true	outside_cone
jacobi_turan_gasper_cone	right	1	0	alpha_gt_beta	9	18	0	false	-1/9900	-2	-1/9900	0	true	outside_cone
jacobi_turan_gasper_cone	left	1	0	alpha_gt_beta	9	18	4	true	0	-1	0	1	false	positive_claim
jacobi_turan_gasper_cone	oriented	1	0	alpha_gt_beta	9	18	4	true	0	-1	0	1	false	positive_claim
jacobi_turan_gasper_cone	wrong	1	0	alpha_gt_beta	9	18	0	false	-1/9900	-2	-1/9900	0	true	outside_cone
jacobi_turan_gasper_cone	right	1	0	alpha_gt_beta	10	20	0	false	-1/14520	-2	-1/14520	0	true	outside_cone
jacobi_turan_gasper_cone	left	1	0	alpha_gt_beta	10	20	4	true	0	-1	0	1	false	positive_claim
jacobi_turan_gasper_cone	oriented	1	0	alpha_gt_beta	10	20	4	true	0	-1	0	1	false	positive_claim
jacobi_turan_gasper_cone	wrong	1	0	alpha_gt_beta	10	20	0	false	-1/14520	-2	-1/14520	0	true	outside_cone
jacobi_turan_gasper_cone	right	1	0	alpha_gt_beta	11	22	0	false	-1/20592	-2	-1/20592	0	true	outside_cone
jacobi_turan_gasper_cone	left	1	0	alpha_gt_beta	11	22	4	true	0	-1	0	1	false	positive_claim
jacobi_turan_gasper_cone	oriented	1	0	alpha_gt_beta	11	22	4	true	0	-1	0	1	false	positive_claim
jacobi_turan_gasper_cone	wrong	1	0	alpha_gt_beta	11	22	0	false	-1/20592	-2	-1/20592	0	true	outside_cone
jacobi_turan_gasper_cone	right	1	0	alpha_gt_beta	12	24	0	false	-1/28392	-2	-1/28392	0	true	outside_cone
jacobi_turan_gasper_cone	left	1	0	alpha_gt_beta	12	24	4	true	0	-1	0	1	false	positive_claim
jacobi_turan_gasper_cone	oriented	1	0	alpha_gt_beta	12	24	4	true	0	-1	0	1	false	positive_claim
jacobi_turan_gasper_cone	wrong	1	0	alpha_gt_beta	12	24	0	false	-1/28392	-2	-1/28392	0	true	outside_cone
jacobi_turan_gasper_cone	right	1	0	alpha_gt_beta	13	26	0	false	-1/38220	-2	-1/38220	0	true	outside_cone
jacobi_turan_gasper_cone	left	1	0	alpha_gt_beta	13	26	4	true	0	-1	0	1	false	positive_claim
jacobi_turan_gasper_cone	oriented	1	0	alpha_gt_beta	13	26	4	true	0	-1	0	1	false	positive_claim
jacobi_turan_gasper_cone	wrong	1	0	alpha_gt_beta	13	26	0	false	-1/38220	-2	-1/38220	0	true	outside_cone
jacobi_turan_gasper_cone	right	1	0	alpha_gt_beta	14	28	0	false	-1/50400	-2	-1/50400	0	true	outside_cone
jacobi_turan_gasper_cone	left	1	0	alpha_gt_beta	14	28	8	true	0	-1	0	1	false	positive_claim
jacobi_turan_gasper_cone	oriented	1	0	alpha_gt_beta	14	28	8	true	0	-1	0	1	false	positive_claim
jacobi_turan_gasper_cone	wrong	1	0	alpha_gt_beta	14	28	0	false	-1/50400	-2	-1/50400	0	true	outside_cone
jacobi_turan_gasper_cone	right	1	0	alpha_gt_beta	15	30	0	false	-1/65280	-2	-1/65280	0	true	outside_cone
jacobi_turan_gasper_cone	left	1	0	alpha_gt_beta	15	30	8	true	0	-1	0	1	false	positive_claim
jacobi_turan_gasper_cone	oriented	1	0	alpha_gt_beta	15	30	8	true	0	-1	0	1	false	positive_claim
jacobi_turan_gasper_cone	wrong	1	0	alpha_gt_beta	15	30	0	false	-1/65280	-2	-1/65280	0	true	outside_cone
jacobi_turan_gasper_cone	right	1	0	alpha_gt_beta	16	32	0	false	-1/83232	-2	-1/83232	0	true	outside_cone
jacobi_turan_gasper_cone	left	1	0	alpha_gt_beta	16	32	8	true	0	-1	0	1	false	positive_claim
jacobi_turan_gasper_cone	oriented	1	0	alpha_gt_beta	16	32	8	true	0	-1	0	1	false	positive_claim
jacobi_turan_gasper_cone	wrong	1	0	alpha_gt_beta	16	32	0	false	-1/83232	-2	-1/83232	0	true	outside_cone
jacobi_turan_gasper_cone	right	1	0	alpha_gt_beta	17	34	0	false	-1/104652	-2	-1/104652	0	true	outside_cone
jacobi_turan_gasper_cone	left	1	0	alpha_gt_beta	17	34	8	true	0	-1	0	1	false	positive_claim
jacobi_turan_gasper_cone	oriented	1	0	alpha_gt_beta	17	34	8	true	0	-1	0	1	false	positive_claim
jacobi_turan_gasper_cone	wrong	1	0	alpha_gt_beta	17	34	0	false	-1/104652	-2	-1/104652	0	true	outside_cone
jacobi_turan_gasper_cone	right	1	0	alpha_gt_beta	18	36	0	false	-1/129960	-2	-1/129960	0	true	outside_cone
jacobi_turan_gasper_cone	left	1	0	alpha_gt_beta	18	36	8	true	0	-1	0	1	false	positive_claim
jacobi_turan_gasper_cone	oriented	1	0	alpha_gt_beta	18	36	8	true	0	-1	0	1	false	positive_claim
jacobi_turan_gasper_cone	wrong	1	0	alpha_gt_beta	18	36	0	false	-1/129960	-2	-1/129960	0	true	outside_cone
jacobi_turan_gasper_cone	right	0	1	beta_gt_alpha	1	2	1	true	0	-1	1	0	false	positive_claim
jacobi_turan_gasper_cone	left	0	1	beta_gt_alpha	1	2	0	false	-1/12	-2	0	-1/12	true	outside_cone
jacobi_turan_gasper_cone	oriented	0	1	beta_gt_alpha	1	2	1	true	0	-1	1	0	false	positive_claim
jacobi_turan_gasper_cone	wrong	0	1	beta_gt_alpha	1	2	0	false	-1/12	-2	0	-1/12	true	outside_cone
jacobi_turan_gasper_cone	right	0	1	beta_gt_alpha	2	4	1	true	0	-1	1	0	false	positive_claim
jacobi_turan_gasper_cone	left	0	1	beta_gt_alpha	2	4	0	false	-1/72	-2	0	-1/72	true	outside_cone
jacobi_turan_gasper_cone	oriented	0	1	beta_gt_alpha	2	4	1	true	0	-1	1	0	false	positive_claim
jacobi_turan_gasper_cone	wrong	0	1	beta_gt_alpha	2	4	0	false	-1/72	-2	0	-1/72	true	outside_cone
jacobi_turan_gasper_cone	right	0	1	beta_gt_alpha	3	6	2	true	0	-1	1	0	false	positive_claim
jacobi_turan_gasper_cone	left	0	1	beta_gt_alpha	3	6	0	false	-1/240	-2	0	-1/240	true	outside_cone
jacobi_turan_gasper_cone	oriented	0	1	beta_gt_alpha	3	6	2	true	0	-1	1	0	false	positive_claim
jacobi_turan_gasper_cone	wrong	0	1	beta_gt_alpha	3	6	0	false	-1/240	-2	0	-1/240	true	outside_cone
jacobi_turan_gasper_cone	right	0	1	beta_gt_alpha	4	8	2	true	0	-1	1	0	false	positive_claim
jacobi_turan_gasper_cone	left	0	1	beta_gt_alpha	4	8	0	false	-1/600	-2	0	-1/600	true	outside_cone
jacobi_turan_gasper_cone	oriented	0	1	beta_gt_alpha	4	8	2	true	0	-1	1	0	false	positive_claim
jacobi_turan_gasper_cone	wrong	0	1	beta_gt_alpha	4	8	0	false	-1/600	-2	0	-1/600	true	outside_cone
jacobi_turan_gasper_cone	right	0	1	beta_gt_alpha	5	10	2	true	0	-1	1	0	false	positive_claim
jacobi_turan_gasper_cone	left	0	1	beta_gt_alpha	5	10	0	false	-1/1260	-2	0	-1/1260	true	outside_cone
jacobi_turan_gasper_cone	oriented	0	1	beta_gt_alpha	5	10	2	true	0	-1	1	0	false	positive_claim
jacobi_turan_gasper_cone	wrong	0	1	beta_gt_alpha	5	10	0	false	-1/1260	-2	0	-1/1260	true	outside_cone
jacobi_turan_gasper_cone	right	0	1	beta_gt_alpha	6	12	4	true	0	-1	1	0	false	positive_claim
jacobi_turan_gasper_cone	left	0	1	beta_gt_alpha	6	12	0	false	-1/2352	-2	0	-1/2352	true	outside_cone
jacobi_turan_gasper_cone	oriented	0	1	beta_gt_alpha	6	12	4	true	0	-1	1	0	false	positive_claim
jacobi_turan_gasper_cone	wrong	0	1	beta_gt_alpha	6	12	0	false	-1/2352	-2	0	-1/2352	true	outside_cone
jacobi_turan_gasper_cone	right	0	1	beta_gt_alpha	7	14	4	true	0	-1	1	0	false	positive_claim
jacobi_turan_gasper_cone	left	0	1	beta_gt_alpha	7	14	0	false	-1/4032	-2	0	-1/4032	true	outside_cone
jacobi_turan_gasper_cone	oriented	0	1	beta_gt_alpha	7	14	4	true	0	-1	1	0	false	positive_claim
jacobi_turan_gasper_cone	wrong	0	1	beta_gt_alpha	7	14	0	false	-1/4032	-2	0	-1/4032	true	outside_cone
jacobi_turan_gasper_cone	right	0	1	beta_gt_alpha	8	16	4	true	0	-1	1	0	false	positive_claim
jacobi_turan_gasper_cone	left	0	1	beta_gt_alpha	8	16	0	false	-1/6480	-2	0	-1/6480	true	outside_cone
jacobi_turan_gasper_cone	oriented	0	1	beta_gt_alpha	8	16	4	true	0	-1	1	0	false	positive_claim
jacobi_turan_gasper_cone	wrong	0	1	beta_gt_alpha	8	16	0	false	-1/6480	-2	0	-1/6480	true	outside_cone
jacobi_turan_gasper_cone	right	0	1	beta_gt_alpha	9	18	4	true	0	-1	1	0	false	positive_claim
jacobi_turan_gasper_cone	left	0	1	beta_gt_alpha	9	18	0	false	-1/9900	-2	0	-1/9900	true	outside_cone
jacobi_turan_gasper_cone	oriented	0	1	beta_gt_alpha	9	18	4	true	0	-1	1	0	false	positive_claim
jacobi_turan_gasper_cone	wrong	0	1	beta_gt_alpha	9	18	0	false	-1/9900	-2	0	-1/9900	true	outside_cone
jacobi_turan_gasper_cone	right	0	1	beta_gt_alpha	10	20	4	true	0	-1	1	0	false	positive_claim
jacobi_turan_gasper_cone	left	0	1	beta_gt_alpha	10	20	0	false	-1/14520	-2	0	-1/14520	true	outside_cone
jacobi_turan_gasper_cone	oriented	0	1	beta_gt_alpha	10	20	4	true	0	-1	1	0	false	positive_claim
jacobi_turan_gasper_cone	wrong	0	1	beta_gt_alpha	10	20	0	false	-1/14520	-2	0	-1/14520	true	outside_cone
jacobi_turan_gasper_cone	right	0	1	beta_gt_alpha	11	22	4	true	0	-1	1	0	false	positive_claim
jacobi_turan_gasper_cone	left	0	1	beta_gt_alpha	11	22	0	false	-1/20592	-2	0	-1/20592	true	outside_cone
jacobi_turan_gasper_cone	oriented	0	1	beta_gt_alpha	11	22	4	true	0	-1	1	0	false	positive_claim
jacobi_turan_gasper_cone	wrong	0	1	beta_gt_alpha	11	22	0	false	-1/20592	-2	0	-1/20592	true	outside_cone
jacobi_turan_gasper_cone	right	0	1	beta_gt_alpha	12	24	4	true	0	-1	1	0	false	positive_claim
jacobi_turan_gasper_cone	left	0	1	beta_gt_alpha	12	24	0	false	-1/28392	-2	0	-1/28392	true	outside_cone
jacobi_turan_gasper_cone	oriented	0	1	beta_gt_alpha	12	24	4	true	0	-1	1	0	false	positive_claim
jacobi_turan_gasper_cone	wrong	0	1	beta_gt_alpha	12	24	0	false	-1/28392	-2	0	-1/28392	true	outside_cone
jacobi_turan_gasper_cone	right	0	1	beta_gt_alpha	13	26	4	true	0	-1	1	0	false	positive_claim
jacobi_turan_gasper_cone	left	0	1	beta_gt_alpha	13	26	0	false	-1/38220	-2	0	-1/38220	true	outside_cone
jacobi_turan_gasper_cone	oriented	0	1	beta_gt_alpha	13	26	4	true	0	-1	1	0	false	positive_claim
jacobi_turan_gasper_cone	wrong	0	1	beta_gt_alpha	13	26	0	false	-1/38220	-2	0	-1/38220	true	outside_cone
jacobi_turan_gasper_cone	right	0	1	beta_gt_alpha	14	28	8	true	0	-1	1	0	false	positive_claim
jacobi_turan_gasper_cone	left	0	1	beta_gt_alpha	14	28	0	false	-1/50400	-2	0	-1/50400	true	outside_cone
jacobi_turan_gasper_cone	oriented	0	1	beta_gt_alpha	14	28	8	true	0	-1	1	0	false	positive_claim
jacobi_turan_gasper_cone	wrong	0	1	beta_gt_alpha	14	28	0	false	-1/50400	-2	0	-1/50400	true	outside_cone
jacobi_turan_gasper_cone	right	0	1	beta_gt_alpha	15	30	8	true	0	-1	1	0	false	positive_claim
jacobi_turan_gasper_cone	left	0	1	beta_gt_alpha	15	30	0	false	-1/65280	-2	0	-1/65280	true	outside_cone
jacobi_turan_gasper_cone	oriented	0	1	beta_gt_alpha	15	30	8	true	0	-1	1	0	false	positive_claim
jacobi_turan_gasper_cone	wrong	0	1	beta_gt_alpha	15	30	0	false	-1/65280	-2	0	-1/65280	true	outside_cone
jacobi_turan_gasper_cone	right	0	1	beta_gt_alpha	16	32	8	true	0	-1	1	0	false	positive_claim
jacobi_turan_gasper_cone	left	0	1	beta_gt_alpha	16	32	0	false	-1/83232	-2	0	-1/83232	true	outside_cone
jacobi_turan_gasper_cone	oriented	0	1	beta_gt_alpha	16	32	8	true	0	-1	1	0	false	positive_claim
jacobi_turan_gasper_cone	wrong	0	1	beta_gt_alpha	16	32	0	false	-1/83232	-2	0	-1/83232	true	outside_cone
jacobi_turan_gasper_cone	right	0	1	beta_gt_alpha	17	34	8	true	0	-1	1	0	false	positive_claim
jacobi_turan_gasper_cone	left	0	1	beta_gt_alpha	17	34	0	false	-1/104652	-2	0	-1/104652	true	outside_cone
jacobi_turan_gasper_cone	oriented	0	1	beta_gt_alpha	17	34	8	true	0	-1	1	0	false	positive_claim
jacobi_turan_gasper_cone	wrong	0	1	beta_gt_alpha	17	34	0	false	-1/104652	-2	0	-1/104652	true	outside_cone
jacobi_turan_gasper_cone	right	0	1	beta_gt_alpha	18	36	8	true	0	-1	1	0	false	positive_claim
jacobi_turan_gasper_cone	left	0	1	beta_gt_alpha	18	36	0	false	-1/129960	-2	0	-1/129960	true	outside_cone
jacobi_turan_gasper_cone	oriented	0	1	beta_gt_alpha	18	36	8	true	0	-1	1	0	false	positive_claim
jacobi_turan_gasper_cone	wrong	0	1	beta_gt_alpha	18	36	0	false	-1/129960	-2	0	-1/129960	true	outside_cone
jacobi_turan_gasper_cone	right	1	2	beta_gt_alpha	1	2	1	true	0	-1	1/4	0	false	positive_claim
jacobi_turan_gasper_cone	left	1	2	beta_gt_alpha	1	2	0	false	-1/18	-2	0	-1/18	true	outside_cone
jacobi_turan_gasper_cone	oriented	1	2	beta_gt_alpha	1	2	1	true	0	-1	1/4	0	false	positive_claim
jacobi_turan_gasper_cone	wrong	1	2	beta_gt_alpha	1	2	0	false	-1/18	-2	0	-1/18	true	outside_cone
jacobi_turan_gasper_cone	right	1	2	beta_gt_alpha	2	4	2	true	0	-1	1/4	0	false	positive_claim
jacobi_turan_gasper_cone	left	1	2	beta_gt_alpha	2	4	0	false	-1/60	-2	0	-1/60	true	outside_cone
jacobi_turan_gasper_cone	oriented	1	2	beta_gt_alpha	2	4	2	true	0	-1	1/4	0	false	positive_claim
jacobi_turan_gasper_cone	wrong	1	2	beta_gt_alpha	2	4	0	false	-1/60	-2	0	-1/60	true	outside_cone
jacobi_turan_gasper_cone	right	1	2	beta_gt_alpha	3	6	2	true	0	-1	1/4	0	false	positive_claim
jacobi_turan_gasper_cone	left	1	2	beta_gt_alpha	3	6	0	false	-1/150	-2	0	-1/150	true	outside_cone
jacobi_turan_gasper_cone	oriented	1	2	beta_gt_alpha	3	6	2	true	0	-1	1/4	0	false	positive_claim
jacobi_turan_gasper_cone	wrong	1	2	beta_gt_alpha	3	6	0	false	-1/150	-2	0	-1/150	true	outside_cone
jacobi_turan_gasper_cone	right	1	2	beta_gt_alpha	4	8	4	true	0	-1	1/4	0	false	positive_claim
jacobi_turan_gasper_cone	left	1	2	beta_gt_alpha	4	8	0	false	-1/315	-2	0	-1/315	true	outside_cone
jacobi_turan_gasper_cone	oriented	1	2	beta_gt_alpha	4	8	4	true	0	-1	1/4	0	false	positive_claim
jacobi_turan_gasper_cone	wrong	1	2	beta_gt_alpha	4	8	0	false	-1/315	-2	0	-1/315	true	outside_cone
jacobi_turan_gasper_cone	right	1	2	beta_gt_alpha	5	10	4	true	0	-1	1/4	0	false	positive_claim
jacobi_turan_gasper_cone	left	1	2	beta_gt_alpha	5	10	0	false	-1/588	-2	0	-1/588	true	outside_cone
jacobi_turan_gasper_cone	oriented	1	2	beta_gt_alpha	5	10	4	true	0	-1	1/4	0	false	positive_claim
jacobi_turan_gasper_cone	wrong	1	2	beta_gt_alpha	5	10	0	false	-1/588	-2	0	-1/588	true	outside_cone
jacobi_turan_gasper_cone	right	1	2	beta_gt_alpha	6	12	4	true	0	-1	1/4	0	false	positive_claim
jacobi_turan_gasper_cone	left	1	2	beta_gt_alpha	6	12	0	false	-1/1008	-2	0	-1/1008	true	outside_cone
jacobi_turan_gasper_cone	oriented	1	2	beta_gt_alpha	6	12	4	true	0	-1	1/4	0	false	positive_claim
jacobi_turan_gasper_cone	wrong	1	2	beta_gt_alpha	6	12	0	false	-1/1008	-2	0	-1/1008	true	outside_cone
jacobi_turan_gasper_cone	right	1	2	beta_gt_alpha	7	14	4	true	0	-1	1/4	0	false	positive_claim
jacobi_turan_gasper_cone	left	1	2	beta_gt_alpha	7	14	0	false	-1/1620	-2	0	-1/1620	true	outside_cone
jacobi_turan_gasper_cone	oriented	1	2	beta_gt_alpha	7	14	4	true	0	-1	1/4	0	false	positive_claim
jacobi_turan_gasper_cone	wrong	1	2	beta_gt_alpha	7	14	0	false	-1/1620	-2	0	-1/1620	true	outside_cone
jacobi_turan_gasper_cone	right	1	2	beta_gt_alpha	8	16	4	true	0	-1	1/4	0	false	positive_claim
jacobi_turan_gasper_cone	left	1	2	beta_gt_alpha	8	16	0	false	-1/2475	-2	0	-1/2475	true	outside_cone
jacobi_turan_gasper_cone	oriented	1	2	beta_gt_alpha	8	16	4	true	0	-1	1/4	0	false	positive_claim
jacobi_turan_gasper_cone	wrong	1	2	beta_gt_alpha	8	16	0	false	-1/2475	-2	0	-1/2475	true	outside_cone
jacobi_turan_gasper_cone	right	1	2	beta_gt_alpha	9	18	4	true	0	-1	1/4	0	false	positive_claim
jacobi_turan_gasper_cone	left	1	2	beta_gt_alpha	9	18	0	false	-1/3630	-2	0	-1/3630	true	outside_cone
jacobi_turan_gasper_cone	oriented	1	2	beta_gt_alpha	9	18	4	true	0	-1	1/4	0	false	positive_claim
jacobi_turan_gasper_cone	wrong	1	2	beta_gt_alpha	9	18	0	false	-1/3630	-2	0	-1/3630	true	outside_cone
jacobi_turan_gasper_cone	right	1	2	beta_gt_alpha	10	20	4	true	0	-1	1/4	0	false	positive_claim
jacobi_turan_gasper_cone	left	1	2	beta_gt_alpha	10	20	0	false	-1/5148	-2	0	-1/5148	true	outside_cone
jacobi_turan_gasper_cone	oriented	1	2	beta_gt_alpha	10	20	4	true	0	-1	1/4	0	false	positive_claim
jacobi_turan_gasper_cone	wrong	1	2	beta_gt_alpha	10	20	0	false	-1/5148	-2	0	-1/5148	true	outside_cone
jacobi_turan_gasper_cone	right	1	2	beta_gt_alpha	11	22	4	true	0	-1	1/4	0	false	positive_claim
jacobi_turan_gasper_cone	left	1	2	beta_gt_alpha	11	22	0	false	-1/7098	-2	0	-1/7098	true	outside_cone
jacobi_turan_gasper_cone	oriented	1	2	beta_gt_alpha	11	22	4	true	0	-1	1/4	0	false	positive_claim
jacobi_turan_gasper_cone	wrong	1	2	beta_gt_alpha	11	22	0	false	-1/7098	-2	0	-1/7098	true	outside_cone
jacobi_turan_gasper_cone	right	1	2	beta_gt_alpha	12	24	8	true	0	-1	1/4	0	false	positive_claim
jacobi_turan_gasper_cone	left	1	2	beta_gt_alpha	12	24	0	false	-1/9555	-2	0	-1/9555	true	outside_cone
jacobi_turan_gasper_cone	oriented	1	2	beta_gt_alpha	12	24	8	true	0	-1	1/4	0	false	positive_claim
jacobi_turan_gasper_cone	wrong	1	2	beta_gt_alpha	12	24	0	false	-1/9555	-2	0	-1/9555	true	outside_cone
jacobi_turan_gasper_cone	right	1	2	beta_gt_alpha	13	26	8	true	0	-1	1/4	0	false	positive_claim
jacobi_turan_gasper_cone	left	1	2	beta_gt_alpha	13	26	0	false	-1/12600	-2	0	-1/12600	true	outside_cone
jacobi_turan_gasper_cone	oriented	1	2	beta_gt_alpha	13	26	8	true	0	-1	1/4	0	false	positive_claim
jacobi_turan_gasper_cone	wrong	1	2	beta_gt_alpha	13	26	0	false	-1/12600	-2	0	-1/12600	true	outside_cone
jacobi_turan_gasper_cone	right	1	2	beta_gt_alpha	14	28	8	true	0	-1	1/4	0	false	positive_claim
jacobi_turan_gasper_cone	left	1	2	beta_gt_alpha	14	28	0	false	-1/16320	-2	0	-1/16320	true	outside_cone
jacobi_turan_gasper_cone	oriented	1	2	beta_gt_alpha	14	28	8	true	0	-1	1/4	0	false	positive_claim
jacobi_turan_gasper_cone	wrong	1	2	beta_gt_alpha	14	28	0	false	-1/16320	-2	0	-1/16320	true	outside_cone
jacobi_turan_gasper_cone	right	1	2	beta_gt_alpha	15	30	8	true	0	-1	1/4	0	false	positive_claim
jacobi_turan_gasper_cone	left	1	2	beta_gt_alpha	15	30	0	false	-1/20808	-2	0	-1/20808	true	outside_cone
jacobi_turan_gasper_cone	oriented	1	2	beta_gt_alpha	15	30	8	true	0	-1	1/4	0	false	positive_claim
jacobi_turan_gasper_cone	wrong	1	2	beta_gt_alpha	15	30	0	false	-1/20808	-2	0	-1/20808	true	outside_cone
jacobi_turan_gasper_cone	right	1	2	beta_gt_alpha	16	32	8	true	0	-1	1/4	0	false	positive_claim
jacobi_turan_gasper_cone	left	1	2	beta_gt_alpha	16	32	0	false	-1/26163	-2	0	-1/26163	true	outside_cone
jacobi_turan_gasper_cone	oriented	1	2	beta_gt_alpha	16	32	8	true	0	-1	1/4	0	false	positive_claim
jacobi_turan_gasper_cone	wrong	1	2	beta_gt_alpha	16	32	0	false	-1/26163	-2	0	-1/26163	true	outside_cone
jacobi_turan_gasper_cone	right	1	2	beta_gt_alpha	17	34	8	true	0	-1	1/4	0	false	positive_claim
jacobi_turan_gasper_cone	left	1	2	beta_gt_alpha	17	34	0	false	-1/32490	-2	0	-1/32490	true	outside_cone
jacobi_turan_gasper_cone	oriented	1	2	beta_gt_alpha	17	34	8	true	0	-1	1/4	0	false	positive_claim
jacobi_turan_gasper_cone	wrong	1	2	beta_gt_alpha	17	34	0	false	-1/32490	-2	0	-1/32490	true	outside_cone
jacobi_turan_gasper_cone	right	1	2	beta_gt_alpha	18	36	8	true	0	-1	1/4	0	false	positive_claim
jacobi_turan_gasper_cone	left	1	2	beta_gt_alpha	18	36	0	false	-1/39900	-2	0	-1/39900	true	outside_cone
jacobi_turan_gasper_cone	oriented	1	2	beta_gt_alpha	18	36	8	true	0	-1	1/4	0	false	positive_claim
jacobi_turan_gasper_cone	wrong	1	2	beta_gt_alpha	18	36	0	false	-1/39900	-2	0	-1/39900	true	outside_cone
jacobi_turan_gasper_cone	right	2	1	alpha_gt_beta	1	2	0	false	-1/18	-2	-1/18	0	true	outside_cone
jacobi_turan_gasper_cone	left	2	1	alpha_gt_beta	1	2	1	true	0	-1	0	1/4	false	positive_claim
jacobi_turan_gasper_cone	oriented	2	1	alpha_gt_beta	1	2	1	true	0	-1	0	1/4	false	positive_claim
jacobi_turan_gasper_cone	wrong	2	1	alpha_gt_beta	1	2	0	false	-1/18	-2	-1/18	0	true	outside_cone
jacobi_turan_gasper_cone	right	2	1	alpha_gt_beta	2	4	0	false	-1/60	-2	-1/60	0	true	outside_cone
jacobi_turan_gasper_cone	left	2	1	alpha_gt_beta	2	4	2	true	0	-1	0	1/4	false	positive_claim
jacobi_turan_gasper_cone	oriented	2	1	alpha_gt_beta	2	4	2	true	0	-1	0	1/4	false	positive_claim
jacobi_turan_gasper_cone	wrong	2	1	alpha_gt_beta	2	4	0	false	-1/60	-2	-1/60	0	true	outside_cone
jacobi_turan_gasper_cone	right	2	1	alpha_gt_beta	3	6	0	false	-1/150	-2	-1/150	0	true	outside_cone
jacobi_turan_gasper_cone	left	2	1	alpha_gt_beta	3	6	2	true	0	-1	0	1/4	false	positive_claim
jacobi_turan_gasper_cone	oriented	2	1	alpha_gt_beta	3	6	2	true	0	-1	0	1/4	false	positive_claim
jacobi_turan_gasper_cone	wrong	2	1	alpha_gt_beta	3	6	0	false	-1/150	-2	-1/150	0	true	outside_cone
jacobi_turan_gasper_cone	right	2	1	alpha_gt_beta	4	8	0	false	-1/315	-2	-1/315	0	true	outside_cone
jacobi_turan_gasper_cone	left	2	1	alpha_gt_beta	4	8	4	true	0	-1	0	1/4	false	positive_claim
jacobi_turan_gasper_cone	oriented	2	1	alpha_gt_beta	4	8	4	true	0	-1	0	1/4	false	positive_claim
jacobi_turan_gasper_cone	wrong	2	1	alpha_gt_beta	4	8	0	false	-1/315	-2	-1/315	0	true	outside_cone
jacobi_turan_gasper_cone	right	2	1	alpha_gt_beta	5	10	0	false	-1/588	-2	-1/588	0	true	outside_cone
jacobi_turan_gasper_cone	left	2	1	alpha_gt_beta	5	10	4	true	0	-1	0	1/4	false	positive_claim
jacobi_turan_gasper_cone	oriented	2	1	alpha_gt_beta	5	10	4	true	0	-1	0	1/4	false	positive_claim
jacobi_turan_gasper_cone	wrong	2	1	alpha_gt_beta	5	10	0	false	-1/588	-2	-1/588	0	true	outside_cone
jacobi_turan_gasper_cone	right	2	1	alpha_gt_beta	6	12	0	false	-1/1008	-2	-1/1008	0	true	outside_cone
jacobi_turan_gasper_cone	left	2	1	alpha_gt_beta	6	12	4	true	0	-1	0	1/4	false	positive_claim
jacobi_turan_gasper_cone	oriented	2	1	alpha_gt_beta	6	12	4	true	0	-1	0	1/4	false	positive_claim
jacobi_turan_gasper_cone	wrong	2	1	alpha_gt_beta	6	12	0	false	-1/1008	-2	-1/1008	0	true	outside_cone
jacobi_turan_gasper_cone	right	2	1	alpha_gt_beta	7	14	0	false	-1/1620	-2	-1/1620	0	true	outside_cone
jacobi_turan_gasper_cone	left	2	1	alpha_gt_beta	7	14	4	true	0	-1	0	1/4	false	positive_claim
jacobi_turan_gasper_cone	oriented	2	1	alpha_gt_beta	7	14	4	true	0	-1	0	1/4	false	positive_claim
jacobi_turan_gasper_cone	wrong	2	1	alpha_gt_beta	7	14	0	false	-1/1620	-2	-1/1620	0	true	outside_cone
jacobi_turan_gasper_cone	right	2	1	alpha_gt_beta	8	16	0	false	-1/2475	-2	-1/2475	0	true	outside_cone
jacobi_turan_gasper_cone	left	2	1	alpha_gt_beta	8	16	4	true	0	-1	0	1/4	false	positive_claim
jacobi_turan_gasper_cone	oriented	2	1	alpha_gt_beta	8	16	4	true	0	-1	0	1/4	false	positive_claim
jacobi_turan_gasper_cone	wrong	2	1	alpha_gt_beta	8	16	0	false	-1/2475	-2	-1/2475	0	true	outside_cone
jacobi_turan_gasper_cone	right	2	1	alpha_gt_beta	9	18	0	false	-1/3630	-2	-1/3630	0	true	outside_cone
jacobi_turan_gasper_cone	left	2	1	alpha_gt_beta	9	18	4	true	0	-1	0	1/4	false	positive_claim
jacobi_turan_gasper_cone	oriented	2	1	alpha_gt_beta	9	18	4	true	0	-1	0	1/4	false	positive_claim
jacobi_turan_gasper_cone	wrong	2	1	alpha_gt_beta	9	18	0	false	-1/3630	-2	-1/3630	0	true	outside_cone
jacobi_turan_gasper_cone	right	2	1	alpha_gt_beta	10	20	0	false	-1/5148	-2	-1/5148	0	true	outside_cone
jacobi_turan_gasper_cone	left	2	1	alpha_gt_beta	10	20	4	true	0	-1	0	1/4	false	positive_claim
jacobi_turan_gasper_cone	oriented	2	1	alpha_gt_beta	10	20	4	true	0	-1	0	1/4	false	positive_claim
jacobi_turan_gasper_cone	wrong	2	1	alpha_gt_beta	10	20	0	false	-1/5148	-2	-1/5148	0	true	outside_cone
jacobi_turan_gasper_cone	right	2	1	alpha_gt_beta	11	22	0	false	-1/7098	-2	-1/7098	0	true	outside_cone
jacobi_turan_gasper_cone	left	2	1	alpha_gt_beta	11	22	4	true	0	-1	0	1/4	false	positive_claim
jacobi_turan_gasper_cone	oriented	2	1	alpha_gt_beta	11	22	4	true	0	-1	0	1/4	false	positive_claim
jacobi_turan_gasper_cone	wrong	2	1	alpha_gt_beta	11	22	0	false	-1/7098	-2	-1/7098	0	true	outside_cone
jacobi_turan_gasper_cone	right	2	1	alpha_gt_beta	12	24	0	false	-1/9555	-2	-1/9555	0	true	outside_cone
jacobi_turan_gasper_cone	left	2	1	alpha_gt_beta	12	24	8	true	0	-1	0	1/4	false	positive_claim
jacobi_turan_gasper_cone	oriented	2	1	alpha_gt_beta	12	24	8	true	0	-1	0	1/4	false	positive_claim
jacobi_turan_gasper_cone	wrong	2	1	alpha_gt_beta	12	24	0	false	-1/9555	-2	-1/9555	0	true	outside_cone
jacobi_turan_gasper_cone	right	2	1	alpha_gt_beta	13	26	0	false	-1/12600	-2	-1/12600	0	true	outside_cone
jacobi_turan_gasper_cone	left	2	1	alpha_gt_beta	13	26	8	true	0	-1	0	1/4	false	positive_claim
jacobi_turan_gasper_cone	oriented	2	1	alpha_gt_beta	13	26	8	true	0	-1	0	1/4	false	positive_claim
jacobi_turan_gasper_cone	wrong	2	1	alpha_gt_beta	13	26	0	false	-1/12600	-2	-1/12600	0	true	outside_cone
jacobi_turan_gasper_cone	right	2	1	alpha_gt_beta	14	28	0	false	-1/16320	-2	-1/16320	0	true	outside_cone
jacobi_turan_gasper_cone	left	2	1	alpha_gt_beta	14	28	8	true	0	-1	0	1/4	false	positive_claim
jacobi_turan_gasper_cone	oriented	2	1	alpha_gt_beta	14	28	8	true	0	-1	0	1/4	false	positive_claim
jacobi_turan_gasper_cone	wrong	2	1	alpha_gt_beta	14	28	0	false	-1/16320	-2	-1/16320	0	true	outside_cone
jacobi_turan_gasper_cone	right	2	1	alpha_gt_beta	15	30	0	false	-1/20808	-2	-1/20808	0	true	outside_cone
jacobi_turan_gasper_cone	left	2	1	alpha_gt_beta	15	30	8	true	0	-1	0	1/4	false	positive_claim
jacobi_turan_gasper_cone	oriented	2	1	alpha_gt_beta	15	30	8	true	0	-1	0	1/4	false	positive_claim
jacobi_turan_gasper_cone	wrong	2	1	alpha_gt_beta	15	30	0	false	-1/20808	-2	-1/20808	0	true	outside_cone
jacobi_turan_gasper_cone	right	2	1	alpha_gt_beta	16	32	0	false	-1/26163	-2	-1/26163	0	true	outside_cone
jacobi_turan_gasper_cone	left	2	1	alpha_gt_beta	16	32	8	true	0	-1	0	1/4	false	positive_claim
jacobi_turan_gasper_cone	oriented	2	1	alpha_gt_beta	16	32	8	true	0	-1	0	1/4	false	positive_claim
jacobi_turan_gasper_cone	wrong	2	1	alpha_gt_beta	16	32	0	false	-1/26163	-2	-1/26163	0	true	outside_cone
jacobi_turan_gasper_cone	right	2	1	alpha_gt_beta	17	34	0	false	-1/32490	-2	-1/32490	0	true	outside_cone
jacobi_turan_gasper_cone	left	2	1	alpha_gt_beta	17	34	8	true	0	-1	0	1/4	false	positive_claim
jacobi_turan_gasper_cone	oriented	2	1	alpha_gt_beta	17	34	8	true	0	-1	0	1/4	false	positive_claim
jacobi_turan_gasper_cone	wrong	2	1	alpha_gt_beta	17	34	0	false	-1/32490	-2	-1/32490	0	true	outside_cone
jacobi_turan_gasper_cone	right	2	1	alpha_gt_beta	18	36	0	false	-1/39900	-2	-1/39900	0	true	outside_cone
jacobi_turan_gasper_cone	left	2	1	alpha_gt_beta	18	36	8	true	0	-1	0	1/4	false	positive_claim
jacobi_turan_gasper_cone	oriented	2	1	alpha_gt_beta	18	36	8	true	0	-1	0	1/4	false	positive_claim
jacobi_turan_gasper_cone	wrong	2	1	alpha_gt_beta	18	36	0	false	-1/39900	-2	-1/39900	0	true	outside_cone
jacobi_turan_gasper_cone	right	1/2	3/2	beta_gt_alpha	1	2	1	true	0	-1	4/9	0	false	positive_claim
jacobi_turan_gasper_cone	left	1/2	3/2	beta_gt_alpha	1	2	0	false	-12/175	-2	0	-12/175	true	outside_cone
jacobi_turan_gasper_cone	oriented	1/2	3/2	beta_gt_alpha	1	2	1	true	0	-1	4/9	0	false	positive_claim
jacobi_turan_gasper_cone	wrong	1/2	3/2	beta_gt_alpha	1	2	0	false	-12/175	-2	0	-12/175	true	outside_cone
jacobi_turan_gasper_cone	right	1/2	3/2	beta_gt_alpha	2	4	2	true	0	-1	4/9	0	false	positive_claim
jacobi_turan_gasper_cone	left	1/2	3/2	beta_gt_alpha	2	4	0	false	-4/245	-2	0	-4/245	true	outside_cone
jacobi_turan_gasper_cone	oriented	1/2	3/2	beta_gt_alpha	2	4	2	true	0	-1	4/9	0	false	positive_claim
jacobi_turan_gasper_cone	wrong	1/2	3/2	beta_gt_alpha	2	4	0	false	-4/245	-2	0	-4/245	true	outside_cone
jacobi_turan_gasper_cone	right	1/2	3/2	beta_gt_alpha	3	6	2	true	0	-1	4/9	0	false	positive_claim
jacobi_turan_gasper_cone	left	1/2	3/2	beta_gt_alpha	3	6	0	false	-4/693	-2	0	-4/693	true	outside_cone
jacobi_turan_gasper_cone	oriented	1/2	3/2	beta_gt_alpha	3	6	2	true	0	-1	4/9	0	false	positive_claim
jacobi_turan_gasper_cone	wrong	1/2	3/2	beta_gt_alpha	3	6	0	false	-4/693	-2	0	-4/693	true	outside_cone
jacobi_turan_gasper_cone	right	1/2	3/2	beta_gt_alpha	4	8	2	true	0	-1	4/9	0	false	positive_claim
jacobi_turan_gasper_cone	left	1/2	3/2	beta_gt_alpha	4	8	0	false	-4/1573	-2	0	-4/1573	true	outside_cone
jacobi_turan_gasper_cone	oriented	1/2	3/2	beta_gt_alpha	4	8	2	true	0	-1	4/9	0	false	positive_claim
jacobi_turan_gasper_cone	wrong	1/2	3/2	beta_gt_alpha	4	8	0	false	-4/1573	-2	0	-4/1573	true	outside_cone
jacobi_turan_gasper_cone	right	1/2	3/2	beta_gt_alpha	5	10	4	true	0	-1	4/9	0	false	positive_claim
jacobi_turan_gasper_cone	left	1/2	3/2	beta_gt_alpha	5	10	0	false	-12/9295	-2	0	-12/9295	true	outside_cone
jacobi_turan_gasper_cone	oriented	1/2	3/2	beta_gt_alpha	5	10	4	true	0	-1	4/9	0	false	positive_claim
jacobi_turan_gasper_cone	wrong	1/2	3/2	beta_gt_alpha	5	10	0	false	-12/9295	-2	0	-12/9295	true	outside_cone
jacobi_turan_gasper_cone	right	1/2	3/2	beta_gt_alpha	6	12	4	true	0	-1	4/9	0	false	positive_claim
jacobi_turan_gasper_cone	left	1/2	3/2	beta_gt_alpha	6	12	0	false	-4/5525	-2	0	-4/5525	true	outside_cone
jacobi_turan_gasper_cone	oriented	1/2	3/2	beta_gt_alpha	6	12	4	true	0	-1	4/9	0	false	positive_claim
jacobi_turan_gasper_cone	wrong	1/2	3/2	beta_gt_alpha	6	12	0	false	-4/5525	-2	0	-4/5525	true	outside_cone
jacobi_turan_gasper_cone	right	1/2	3/2	beta_gt_alpha	7	14	4	true	0	-1	4/9	0	false	positive_claim
jacobi_turan_gasper_cone	left	1/2	3/2	beta_gt_alpha	7	14	0	false	-12/27455	-2	0	-12/27455	true	outside_cone
jacobi_turan_gasper_cone	oriented	1/2	3/2	beta_gt_alpha	7	14	4	true	0	-1	4/9	0	false	positive_claim
jacobi_turan_gasper_cone	wrong	1/2	3/2	beta_gt_alpha	7	14	0	false	-12/27455	-2	0	-12/27455	true	outside_cone
jacobi_turan_gasper_cone	right	1/2	3/2	beta_gt_alpha	8	16	4	true	0	-1	4/9	0	false	positive_claim
jacobi_turan_gasper_cone	left	1/2	3/2	beta_gt_alpha	8	16	0	false	-12/42959	-2	0	-12/42959	true	outside_cone
jacobi_turan_gasper_cone	oriented	1/2	3/2	beta_gt_alpha	8	16	4	true	0	-1	4/9	0	false	positive_claim
jacobi_turan_gasper_cone	wrong	1/2	3/2	beta_gt_alpha	8	16	0	false	-12/42959	-2	0	-12/42959	true	outside_cone
jacobi_turan_gasper_cone	right	1/2	3/2	beta_gt_alpha	9	18	4	true	0	-1	4/9	0	false	positive_claim
jacobi_turan_gasper_cone	left	1/2	3/2	beta_gt_alpha	9	18	0	false	-4/21413	-2	0	-4/21413	true	outside_cone
jacobi_turan_gasper_cone	oriented	1/2	3/2	beta_gt_alpha	9	18	4	true	0	-1	4/9	0	false	positive_claim
jacobi_turan_gasper_cone	wrong	1/2	3/2	beta_gt_alpha	9	18	0	false	-4/21413	-2	0	-4/21413	true	outside_cone
jacobi_turan_gasper_cone	right	1/2	3/2	beta_gt_alpha	10	20	4	true	0	-1	4/9	0	false	positive_claim
jacobi_turan_gasper_cone	left	1/2	3/2	beta_gt_alpha	10	20	0	false	-12/92575	-2	0	-12/92575	true	outside_cone
jacobi_turan_gasper_cone	oriented	1/2	3/2	beta_gt_alpha	10	20	4	true	0	-1	4/9	0	false	positive_claim
jacobi_turan_gasper_cone	wrong	1/2	3/2	beta_gt_alpha	10	20	0	false	-12/92575	-2	0	-12/92575	true	outside_cone
jacobi_turan_gasper_cone	right	1/2	3/2	beta_gt_alpha	11	22	4	true	0	-1	4/9	0	false	positive_claim
jacobi_turan_gasper_cone	left	1/2	3/2	beta_gt_alpha	11	22	0	false	-4/43125	-2	0	-4/43125	true	outside_cone
jacobi_turan_gasper_cone	oriented	1/2	3/2	beta_gt_alpha	11	22	4	true	0	-1	4/9	0	false	positive_claim
jacobi_turan_gasper_cone	wrong	1/2	3/2	beta_gt_alpha	11	22	0	false	-4/43125	-2	0	-4/43125	true	outside_cone
jacobi_turan_gasper_cone	right	1/2	3/2	beta_gt_alpha	12	24	8	true	0	-1	4/9	0	false	positive_claim
jacobi_turan_gasper_cone	left	1/2	3/2	beta_gt_alpha	12	24	0	false	-4/58725	-2	0	-4/58725	true	outside_cone
jacobi_turan_gasper_cone	oriented	1/2	3/2	beta_gt_alpha	12	24	8	true	0	-1	4/9	0	false	positive_claim
jacobi_turan_gasper_cone	wrong	1/2	3/2	beta_gt_alpha	12	24	0	false	-4/58725	-2	0	-4/58725	true	outside_cone
jacobi_turan_gasper_cone	right	1/2	3/2	beta_gt_alpha	13	26	8	true	0	-1	4/9	0	false	positive_claim
jacobi_turan_gasper_cone	left	1/2	3/2	beta_gt_alpha	13	26	0	false	-4/78213	-2	0	-4/78213	true	outside_cone
jacobi_turan_gasper_cone	oriented	1/2	3/2	beta_gt_alpha	13	26	8	true	0	-1	4/9	0	false	positive_claim
jacobi_turan_gasper_cone	wrong	1/2	3/2	beta_gt_alpha	13	26	0	false	-4/78213	-2	0	-4/78213	true	outside_cone
jacobi_turan_gasper_cone	right	1/2	3/2	beta_gt_alpha	14	28	8	true	0	-1	4/9	0	false	positive_claim
jacobi_turan_gasper_cone	left	1/2	3/2	beta_gt_alpha	14	28	0	false	-12/306559	-2	0	-12/306559	true	outside_cone
jacobi_turan_gasper_cone	oriented	1/2	3/2	beta_gt_alpha	14	28	8	true	0	-1	4/9	0	false	positive_claim
jacobi_turan_gasper_cone	wrong	1/2	3/2	beta_gt_alpha	14	28	0	false	-12/306559	-2	0	-12/306559	true	outside_cone
jacobi_turan_gasper_cone	right	1/2	3/2	beta_gt_alpha	15	30	8	true	0	-1	4/9	0	false	positive_claim
jacobi_turan_gasper_cone	left	1/2	3/2	beta_gt_alpha	15	30	0	false	-4/131285	-2	0	-4/131285	true	outside_cone
jacobi_turan_gasper_cone	oriented	1/2	3/2	beta_gt_alpha	15	30	8	true	0	-1	4/9	0	false	positive_claim
jacobi_turan_gasper_cone	wrong	1/2	3/2	beta_gt_alpha	15	30	0	false	-4/131285	-2	0	-4/131285	true	outside_cone
jacobi_turan_gasper_cone	right	1/2	3/2	beta_gt_alpha	16	32	8	true	0	-1	4/9	0	false	positive_claim
jacobi_turan_gasper_cone	left	1/2	3/2	beta_gt_alpha	16	32	0	false	-12/498575	-2	0	-12/498575	true	outside_cone
jacobi_turan_gasper_cone	oriented	1/2	3/2	beta_gt_alpha	16	32	8	true	0	-1	4/9	0	false	positive_claim
jacobi_turan_gasper_cone	wrong	1/2	3/2	beta_gt_alpha	16	32	0	false	-12/498575	-2	0	-12/498575	true	outside_cone
jacobi_turan_gasper_cone	right	1/2	3/2	beta_gt_alpha	17	34	8	true	0	-1	4/9	0	false	positive_claim
jacobi_turan_gasper_cone	left	1/2	3/2	beta_gt_alpha	17	34	0	false	-12/622895	-2	0	-12/622895	true	outside_cone
jacobi_turan_gasper_cone	oriented	1/2	3/2	beta_gt_alpha	17	34	8	true	0	-1	4/9	0	false	positive_claim
jacobi_turan_gasper_cone	wrong	1/2	3/2	beta_gt_alpha	17	34	0	false	-12/622895	-2	0	-12/622895	true	outside_cone
jacobi_turan_gasper_cone	right	1/2	3/2	beta_gt_alpha	18	36	8	true	0	-1	4/9	0	false	positive_claim
jacobi_turan_gasper_cone	left	1/2	3/2	beta_gt_alpha	18	36	0	false	-4/256373	-2	0	-4/256373	true	outside_cone
jacobi_turan_gasper_cone	oriented	1/2	3/2	beta_gt_alpha	18	36	8	true	0	-1	4/9	0	false	positive_claim
jacobi_turan_gasper_cone	wrong	1/2	3/2	beta_gt_alpha	18	36	0	false	-4/256373	-2	0	-4/256373	true	outside_cone
jacobi_turan_gasper_cone	right	3/2	1/2	alpha_gt_beta	1	2	0	false	-12/175	-2	-12/175	0	true	outside_cone
jacobi_turan_gasper_cone	left	3/2	1/2	alpha_gt_beta	1	2	1	true	0	-1	0	4/9	false	positive_claim
jacobi_turan_gasper_cone	oriented	3/2	1/2	alpha_gt_beta	1	2	1	true	0	-1	0	4/9	false	positive_claim
jacobi_turan_gasper_cone	wrong	3/2	1/2	alpha_gt_beta	1	2	0	false	-12/175	-2	-12/175	0	true	outside_cone
jacobi_turan_gasper_cone	right	3/2	1/2	alpha_gt_beta	2	4	0	false	-4/245	-2	-4/245	0	true	outside_cone
jacobi_turan_gasper_cone	left	3/2	1/2	alpha_gt_beta	2	4	2	true	0	-1	0	4/9	false	positive_claim
jacobi_turan_gasper_cone	oriented	3/2	1/2	alpha_gt_beta	2	4	2	true	0	-1	0	4/9	false	positive_claim
jacobi_turan_gasper_cone	wrong	3/2	1/2	alpha_gt_beta	2	4	0	false	-4/245	-2	-4/245	0	true	outside_cone
jacobi_turan_gasper_cone	right	3/2	1/2	alpha_gt_beta	3	6	0	false	-4/693	-2	-4/693	0	true	outside_cone
jacobi_turan_gasper_cone	left	3/2	1/2	alpha_gt_beta	3	6	2	true	0	-1	0	4/9	false	positive_claim
jacobi_turan_gasper_cone	oriented	3/2	1/2	alpha_gt_beta	3	6	2	true	0	-1	0	4/9	false	positive_claim
jacobi_turan_gasper_cone	wrong	3/2	1/2	alpha_gt_beta	3	6	0	false	-4/693	-2	-4/693	0	true	outside_cone
jacobi_turan_gasper_cone	right	3/2	1/2	alpha_gt_beta	4	8	0	false	-4/1573	-2	-4/1573	0	true	outside_cone
jacobi_turan_gasper_cone	left	3/2	1/2	alpha_gt_beta	4	8	2	true	0	-1	0	4/9	false	positive_claim
jacobi_turan_gasper_cone	oriented	3/2	1/2	alpha_gt_beta	4	8	2	true	0	-1	0	4/9	false	positive_claim
jacobi_turan_gasper_cone	wrong	3/2	1/2	alpha_gt_beta	4	8	0	false	-4/1573	-2	-4/1573	0	true	outside_cone
jacobi_turan_gasper_cone	right	3/2	1/2	alpha_gt_beta	5	10	0	false	-12/9295	-2	-12/9295	0	true	outside_cone
jacobi_turan_gasper_cone	left	3/2	1/2	alpha_gt_beta	5	10	4	true	0	-1	0	4/9	false	positive_claim
jacobi_turan_gasper_cone	oriented	3/2	1/2	alpha_gt_beta	5	10	4	true	0	-1	0	4/9	false	positive_claim
jacobi_turan_gasper_cone	wrong	3/2	1/2	alpha_gt_beta	5	10	0	false	-12/9295	-2	-12/9295	0	true	outside_cone
jacobi_turan_gasper_cone	right	3/2	1/2	alpha_gt_beta	6	12	0	false	-4/5525	-2	-4/5525	0	true	outside_cone
jacobi_turan_gasper_cone	left	3/2	1/2	alpha_gt_beta	6	12	4	true	0	-1	0	4/9	false	positive_claim
jacobi_turan_gasper_cone	oriented	3/2	1/2	alpha_gt_beta	6	12	4	true	0	-1	0	4/9	false	positive_claim
jacobi_turan_gasper_cone	wrong	3/2	1/2	alpha_gt_beta	6	12	0	false	-4/5525	-2	-4/5525	0	true	outside_cone
jacobi_turan_gasper_cone	right	3/2	1/2	alpha_gt_beta	7	14	0	false	-12/27455	-2	-12/27455	0	true	outside_cone
jacobi_turan_gasper_cone	left	3/2	1/2	alpha_gt_beta	7	14	4	true	0	-1	0	4/9	false	positive_claim
jacobi_turan_gasper_cone	oriented	3/2	1/2	alpha_gt_beta	7	14	4	true	0	-1	0	4/9	false	positive_claim
jacobi_turan_gasper_cone	wrong	3/2	1/2	alpha_gt_beta	7	14	0	false	-12/27455	-2	-12/27455	0	true	outside_cone
jacobi_turan_gasper_cone	right	3/2	1/2	alpha_gt_beta	8	16	0	false	-12/42959	-2	-12/42959	0	true	outside_cone
jacobi_turan_gasper_cone	left	3/2	1/2	alpha_gt_beta	8	16	4	true	0	-1	0	4/9	false	positive_claim
jacobi_turan_gasper_cone	oriented	3/2	1/2	alpha_gt_beta	8	16	4	true	0	-1	0	4/9	false	positive_claim
jacobi_turan_gasper_cone	wrong	3/2	1/2	alpha_gt_beta	8	16	0	false	-12/42959	-2	-12/42959	0	true	outside_cone
jacobi_turan_gasper_cone	right	3/2	1/2	alpha_gt_beta	9	18	0	false	-4/21413	-2	-4/21413	0	true	outside_cone
jacobi_turan_gasper_cone	left	3/2	1/2	alpha_gt_beta	9	18	4	true	0	-1	0	4/9	false	positive_claim
jacobi_turan_gasper_cone	oriented	3/2	1/2	alpha_gt_beta	9	18	4	true	0	-1	0	4/9	false	positive_claim
jacobi_turan_gasper_cone	wrong	3/2	1/2	alpha_gt_beta	9	18	0	false	-4/21413	-2	-4/21413	0	true	outside_cone
jacobi_turan_gasper_cone	right	3/2	1/2	alpha_gt_beta	10	20	0	false	-12/92575	-2	-12/92575	0	true	outside_cone
jacobi_turan_gasper_cone	left	3/2	1/2	alpha_gt_beta	10	20	4	true	0	-1	0	4/9	false	positive_claim
jacobi_turan_gasper_cone	oriented	3/2	1/2	alpha_gt_beta	10	20	4	true	0	-1	0	4/9	false	positive_claim
jacobi_turan_gasper_cone	wrong	3/2	1/2	alpha_gt_beta	10	20	0	false	-12/92575	-2	-12/92575	0	true	outside_cone
jacobi_turan_gasper_cone	right	3/2	1/2	alpha_gt_beta	11	22	0	false	-4/43125	-2	-4/43125	0	true	outside_cone
jacobi_turan_gasper_cone	left	3/2	1/2	alpha_gt_beta	11	22	4	true	0	-1	0	4/9	false	positive_claim
jacobi_turan_gasper_cone	oriented	3/2	1/2	alpha_gt_beta	11	22	4	true	0	-1	0	4/9	false	positive_claim
jacobi_turan_gasper_cone	wrong	3/2	1/2	alpha_gt_beta	11	22	0	false	-4/43125	-2	-4/43125	0	true	outside_cone
jacobi_turan_gasper_cone	right	3/2	1/2	alpha_gt_beta	12	24	0	false	-4/58725	-2	-4/58725	0	true	outside_cone
jacobi_turan_gasper_cone	left	3/2	1/2	alpha_gt_beta	12	24	8	true	0	-1	0	4/9	false	positive_claim
jacobi_turan_gasper_cone	oriented	3/2	1/2	alpha_gt_beta	12	24	8	true	0	-1	0	4/9	false	positive_claim
jacobi_turan_gasper_cone	wrong	3/2	1/2	alpha_gt_beta	12	24	0	false	-4/58725	-2	-4/58725	0	true	outside_cone
jacobi_turan_gasper_cone	right	3/2	1/2	alpha_gt_beta	13	26	0	false	-4/78213	-2	-4/78213	0	true	outside_cone
jacobi_turan_gasper_cone	left	3/2	1/2	alpha_gt_beta	13	26	8	true	0	-1	0	4/9	false	positive_claim
jacobi_turan_gasper_cone	oriented	3/2	1/2	alpha_gt_beta	13	26	8	true	0	-1	0	4/9	false	positive_claim
jacobi_turan_gasper_cone	wrong	3/2	1/2	alpha_gt_beta	13	26	0	false	-4/78213	-2	-4/78213	0	true	outside_cone
jacobi_turan_gasper_cone	right	3/2	1/2	alpha_gt_beta	14	28	0	false	-12/306559	-2	-12/306559	0	true	outside_cone
jacobi_turan_gasper_cone	left	3/2	1/2	alpha_gt_beta	14	28	8	true	0	-1	0	4/9	false	positive_claim
jacobi_turan_gasper_cone	oriented	3/2	1/2	alpha_gt_beta	14	28	8	true	0	-1	0	4/9	false	positive_claim
jacobi_turan_gasper_cone	wrong	3/2	1/2	alpha_gt_beta	14	28	0	false	-12/306559	-2	-12/306559	0	true	outside_cone
jacobi_turan_gasper_cone	right	3/2	1/2	alpha_gt_beta	15	30	0	false	-4/131285	-2	-4/131285	0	true	outside_cone
jacobi_turan_gasper_cone	left	3/2	1/2	alpha_gt_beta	15	30	8	true	0	-1	0	4/9	false	positive_claim
jacobi_turan_gasper_cone	oriented	3/2	1/2	alpha_gt_beta	15	30	8	true	0	-1	0	4/9	false	positive_claim
jacobi_turan_gasper_cone	wrong	3/2	1/2	alpha_gt_beta	15	30	0	false	-4/131285	-2	-4/131285	0	true	outside_cone
jacobi_turan_gasper_cone	right	3/2	1/2	alpha_gt_beta	16	32	0	false	-12/498575	-2	-12/498575	0	true	outside_cone
jacobi_turan_gasper_cone	left	3/2	1/2	alpha_gt_beta	16	32	8	true	0	-1	0	4/9	false	positive_claim
jacobi_turan_gasper_cone	oriented	3/2	1/2	alpha_gt_beta	16	32	8	true	0	-1	0	4/9	false	positive_claim
jacobi_turan_gasper_cone	wrong	3/2	1/2	alpha_gt_beta	16	32	0	false	-12/498575	-2	-12/498575	0	true	outside_cone
jacobi_turan_gasper_cone	right	3/2	1/2	alpha_gt_beta	17	34	0	false	-12/622895	-2	-12/622895	0	true	outside_cone
jacobi_turan_gasper_cone	left	3/2	1/2	alpha_gt_beta	17	34	8	true	0	-1	0	4/9	false	positive_claim
jacobi_turan_gasper_cone	oriented	3/2	1/2	alpha_gt_beta	17	34	8	true	0	-1	0	4/9	false	positive_claim
jacobi_turan_gasper_cone	wrong	3/2	1/2	alpha_gt_beta	17	34	0	false	-12/622895	-2	-12/622895	0	true	outside_cone
jacobi_turan_gasper_cone	right	3/2	1/2	alpha_gt_beta	18	36	0	false	-4/256373	-2	-4/256373	0	true	outside_cone
jacobi_turan_gasper_cone	left	3/2	1/2	alpha_gt_beta	18	36	8	true	0	-1	0	4/9	false	positive_claim
jacobi_turan_gasper_cone	oriented	3/2	1/2	alpha_gt_beta	18	36	8	true	0	-1	0	4/9	false	positive_claim
jacobi_turan_gasper_cone	wrong	3/2	1/2	alpha_gt_beta	18	36	0	false	-4/256373	-2	-4/256373	0	true	outside_cone
jacobi_turan_gasper_cone	right	2	3	beta_gt_alpha	1	2	1	true	0	-1	1/9	0	false	positive_claim
jacobi_turan_gasper_cone	left	2	3	beta_gt_alpha	1	2	0	false	-3/80	-2	0	-3/80	true	outside_cone
jacobi_turan_gasper_cone	oriented	2	3	beta_gt_alpha	1	2	1	true	0	-1	1/9	0	false	positive_claim
jacobi_turan_gasper_cone	wrong	2	3	beta_gt_alpha	1	2	0	false	-3/80	-2	0	-3/80	true	outside_cone
jacobi_turan_gasper_cone	right	2	3	beta_gt_alpha	2	4	2	true	0	-1	1/9	0	false	positive_claim
jacobi_turan_gasper_cone	left	2	3	beta_gt_alpha	2	4	0	false	-3/200	-2	0	-3/200	true	outside_cone
jacobi_turan_gasper_cone	oriented	2	3	beta_gt_alpha	2	4	2	true	0	-1	1/9	0	false	positive_claim
jacobi_turan_gasper_cone	wrong	2	3	beta_gt_alpha	2	4	0	false	-3/200	-2	0	-3/200	true	outside_cone
jacobi_turan_gasper_cone	right	2	3	beta_gt_alpha	3	6	2	true	0	-1	1/9	0	false	positive_claim
jacobi_turan_gasper_cone	left	2	3	beta_gt_alpha	3	6	0	false	-1/140	-2	0	-1/140	true	outside_cone
jacobi_turan_gasper_cone	oriented	2	3	beta_gt_alpha	3	6	2	true	0	-1	1/9	0	false	positive_claim
jacobi_turan_gasper_cone	wrong	2	3	beta_gt_alpha	3	6	0	false	-1/140	-2	0	-1/140	true	outside_cone
jacobi_turan_gasper_cone	right	2	3	beta_gt_alpha	4	8	4	true	0	-1	1/9	0	false	positive_claim
jacobi_turan_gasper_cone	left	2	3	beta_gt_alpha	4	8	0	false	-3/784	-2	0	-3/784	true	outside_cone
jacobi_turan_gasper_cone	oriented	2	3	beta_gt_alpha	4	8	4	true	0	-1	1/9	0	false	positive_claim
jacobi_turan_gasper_cone	wrong	2	3	beta_gt_alpha	4	8	0	false	-3/784	-2	0	-3/784	true	outside_cone
jacobi_turan_gasper_cone	right	2	3	beta_gt_alpha	5	10	4	true	0	-1	1/9	0	false	positive_claim
jacobi_turan_gasper_cone	left	2	3	beta_gt_alpha	5	10	0	false	-1/448	-2	0	-1/448	true	outside_cone
jacobi_turan_gasper_cone	oriented	2	3	beta_gt_alpha	5	10	4	true	0	-1	1/9	0	false	positive_claim
jacobi_turan_gasper_cone	wrong	2	3	beta_gt_alpha	5	10	0	false	-1/448	-2	0	-1/448	true	outside_cone
jacobi_turan_gasper_cone	right	2	3	beta_gt_alpha	6	12	4	true	0	-1	1/9	0	false	positive_claim
jacobi_turan_gasper_cone	left	2	3	beta_gt_alpha	6	12	0	false	-1/720	-2	0	-1/720	true	outside_cone
jacobi_turan_gasper_cone	oriented	2	3	beta_gt_alpha	6	12	4	true	0	-1	1/9	0	false	positive_claim
jacobi_turan_gasper_cone	wrong	2	3	beta_gt_alpha	6	12	0	false	-1/720	-2	0	-1/720	true	outside_cone
jacobi_turan_gasper_cone	right	2	3	beta_gt_alpha	7	14	4	true	0	-1	1/9	0	false	positive_claim
jacobi_turan_gasper_cone	left	2	3	beta_gt_alpha	7	14	0	false	-1/1100	-2	0	-1/1100	true	outside_cone
jacobi_turan_gasper_cone	oriented	2	3	beta_gt_alpha	7	14	4	true	0	-1	1/9	0	false	positive_claim
jacobi_turan_gasper_cone	wrong	2	3	beta_gt_alpha	7	14	0	false	-1/1100	-2	0	-1/1100	true	outside_cone
jacobi_turan_gasper_cone	right	2	3	beta_gt_alpha	8	16	4	true	0	-1	1/9	0	false	positive_claim
jacobi_turan_gasper_cone	left	2	3	beta_gt_alpha	8	16	0	false	-3/4840	-2	0	-3/4840	true	outside_cone
jacobi_turan_gasper_cone	oriented	2	3	beta_gt_alpha	8	16	4	true	0	-1	1/9	0	false	positive_claim
jacobi_turan_gasper_cone	wrong	2	3	beta_gt_alpha	8	16	0	false	-3/4840	-2	0	-3/4840	true	outside_cone
jacobi_turan_gasper_cone	right	2	3	beta_gt_alpha	9	18	4	true	0	-1	1/9	0	false	positive_claim
jacobi_turan_gasper_cone	left	2	3	beta_gt_alpha	9	18	0	false	-1/2288	-2	0	-1/2288	true	outside_cone
jacobi_turan_gasper_cone	oriented	2	3	beta_gt_alpha	9	18	4	true	0	-1	1/9	0	false	positive_claim
jacobi_turan_gasper_cone	wrong	2	3	beta_gt_alpha	9	18	0	false	-1/2288	-2	0	-1/2288	true	outside_cone
jacobi_turan_gasper_cone	right	2	3	beta_gt_alpha	10	20	4	true	0	-1	1/9	0	false	positive_claim
jacobi_turan_gasper_cone	left	2	3	beta_gt_alpha	10	20	0	false	-3/9464	-2	0	-3/9464	true	outside_cone
jacobi_turan_gasper_cone	oriented	2	3	beta_gt_alpha	10	20	4	true	0	-1	1/9	0	false	positive_claim
jacobi_turan_gasper_cone	wrong	2	3	beta_gt_alpha	10	20	0	false	-3/9464	-2	0	-3/9464	true	outside_cone
jacobi_turan_gasper_cone	right	2	3	beta_gt_alpha	11	22	4	true	0	-1	1/9	0	false	positive_claim
jacobi_turan_gasper_cone	left	2	3	beta_gt_alpha	11	22	0	false	-3/12740	-2	0	-3/12740	true	outside_cone
jacobi_turan_gasper_cone	oriented	2	3	beta_gt_alpha	11	22	4	true	0	-1	1/9	0	false	positive_claim
jacobi_turan_gasper_cone	wrong	2	3	beta_gt_alpha	11	22	0	false	-3/12740	-2	0	-3/12740	true	outside_cone
jacobi_turan_gasper_cone	right	2	3	beta_gt_alpha	12	24	8	true	0	-1	1/9	0	false	positive_claim
jacobi_turan_gasper_cone	left	2	3	beta_gt_alpha	12	24	0	false	-1/5600	-2	0	-1/5600	true	outside_cone
jacobi_turan_gasper_cone	oriented	2	3	beta_gt_alpha	12	24	8	true	0	-1	1/9	0	false	positive_claim
jacobi_turan_gasper_cone	wrong	2	3	beta_gt_alpha	12	24	0	false	-1/5600	-2	0	-1/5600	true	outside_cone
jacobi_turan_gasper_cone	right	2	3	beta_gt_alpha	13	26	8	true	0	-1	1/9	0	false	positive_claim
jacobi_turan_gasper_cone	left	2	3	beta_gt_alpha	13	26	0	false	-3/21760	-2	0	-3/21760	true	outside_cone
jacobi_turan_gasper_cone	oriented	2	3	beta_gt_alpha	13	26	8	true	0	-1	1/9	0	false	positive_claim
jacobi_turan_gasper_cone	wrong	2	3	beta_gt_alpha	13	26	0	false	-3/21760	-2	0	-3/21760	true	outside_cone
jacobi_turan_gasper_cone	right	2	3	beta_gt_alpha	14	28	8	true	0	-1	1/9	0	false	positive_claim
jacobi_turan_gasper_cone	left	2	3	beta_gt_alpha	14	28	0	false	-1/9248	-2	0	-1/9248	true	outside_cone
jacobi_turan_gasper_cone	oriented	2	3	beta_gt_alpha	14	28	8	true	0	-1	1/9	0	false	positive_claim
jacobi_turan_gasper_cone	wrong	2	3	beta_gt_alpha	14	28	0	false	-1/9248	-2	0	-1/9248	true	outside_cone
jacobi_turan_gasper_cone	right	2	3	beta_gt_alpha	15	30	8	true	0	-1	1/9	0	false	positive_claim
jacobi_turan_gasper_cone	left	2	3	beta_gt_alpha	15	30	0	false	-1/11628	-2	0	-1/11628	true	outside_cone
jacobi_turan_gasper_cone	oriented	2	3	beta_gt_alpha	15	30	8	true	0	-1	1/9	0	false	positive_claim
jacobi_turan_gasper_cone	wrong	2	3	beta_gt_alpha	15	30	0	false	-1/11628	-2	0	-1/11628	true	outside_cone
jacobi_turan_gasper_cone	right	2	3	beta_gt_alpha	16	32	8	true	0	-1	1/9	0	false	positive_claim
jacobi_turan_gasper_cone	left	2	3	beta_gt_alpha	16	32	0	false	-1/14440	-2	0	-1/14440	true	outside_cone
jacobi_turan_gasper_cone	oriented	2	3	beta_gt_alpha	16	32	8	true	0	-1	1/9	0	false	positive_claim
jacobi_turan_gasper_cone	wrong	2	3	beta_gt_alpha	16	32	0	false	-1/14440	-2	0	-1/14440	true	outside_cone
jacobi_turan_gasper_cone	right	2	3	beta_gt_alpha	17	34	8	true	0	-1	1/9	0	false	positive_claim
jacobi_turan_gasper_cone	left	2	3	beta_gt_alpha	17	34	0	false	-3/53200	-2	0	-3/53200	true	outside_cone
jacobi_turan_gasper_cone	oriented	2	3	beta_gt_alpha	17	34	8	true	0	-1	1/9	0	false	positive_claim
jacobi_turan_gasper_cone	wrong	2	3	beta_gt_alpha	17	34	0	false	-3/53200	-2	0	-3/53200	true	outside_cone
jacobi_turan_gasper_cone	right	2	3	beta_gt_alpha	18	36	8	true	0	-1	1/9	0	false	positive_claim
jacobi_turan_gasper_cone	left	2	3	beta_gt_alpha	18	36	0	false	-1/21560	-2	0	-1/21560	true	outside_cone
jacobi_turan_gasper_cone	oriented	2	3	beta_gt_alpha	18	36	8	true	0	-1	1/9	0	false	positive_claim
jacobi_turan_gasper_cone	wrong	2	3	beta_gt_alpha	18	36	0	false	-1/21560	-2	0	-1/21560	true	outside_cone
jacobi_turan_gasper_cone	right	3	2	alpha_gt_beta	1	2	0	false	-3/80	-2	-3/80	0	true	outside_cone
jacobi_turan_gasper_cone	left	3	2	alpha_gt_beta	1	2	1	true	0	-1	0	1/9	false	positive_claim
jacobi_turan_gasper_cone	oriented	3	2	alpha_gt_beta	1	2	1	true	0	-1	0	1/9	false	positive_claim
jacobi_turan_gasper_cone	wrong	3	2	alpha_gt_beta	1	2	0	false	-3/80	-2	-3/80	0	true	outside_cone
jacobi_turan_gasper_cone	right	3	2	alpha_gt_beta	2	4	0	false	-3/200	-2	-3/200	0	true	outside_cone
jacobi_turan_gasper_cone	left	3	2	alpha_gt_beta	2	4	2	true	0	-1	0	1/9	false	positive_claim
jacobi_turan_gasper_cone	oriented	3	2	alpha_gt_beta	2	4	2	true	0	-1	0	1/9	false	positive_claim
jacobi_turan_gasper_cone	wrong	3	2	alpha_gt_beta	2	4	0	false	-3/200	-2	-3/200	0	true	outside_cone
jacobi_turan_gasper_cone	right	3	2	alpha_gt_beta	3	6	0	false	-1/140	-2	-1/140	0	true	outside_cone
jacobi_turan_gasper_cone	left	3	2	alpha_gt_beta	3	6	2	true	0	-1	0	1/9	false	positive_claim
jacobi_turan_gasper_cone	oriented	3	2	alpha_gt_beta	3	6	2	true	0	-1	0	1/9	false	positive_claim
jacobi_turan_gasper_cone	wrong	3	2	alpha_gt_beta	3	6	0	false	-1/140	-2	-1/140	0	true	outside_cone
jacobi_turan_gasper_cone	right	3	2	alpha_gt_beta	4	8	0	false	-3/784	-2	-3/784	0	true	outside_cone
jacobi_turan_gasper_cone	left	3	2	alpha_gt_beta	4	8	4	true	0	-1	0	1/9	false	positive_claim
jacobi_turan_gasper_cone	oriented	3	2	alpha_gt_beta	4	8	4	true	0	-1	0	1/9	false	positive_claim
jacobi_turan_gasper_cone	wrong	3	2	alpha_gt_beta	4	8	0	false	-3/784	-2	-3/784	0	true	outside_cone
jacobi_turan_gasper_cone	right	3	2	alpha_gt_beta	5	10	0	false	-1/448	-2	-1/448	0	true	outside_cone
jacobi_turan_gasper_cone	left	3	2	alpha_gt_beta	5	10	4	true	0	-1	0	1/9	false	positive_claim
jacobi_turan_gasper_cone	oriented	3	2	alpha_gt_beta	5	10	4	true	0	-1	0	1/9	false	positive_claim
jacobi_turan_gasper_cone	wrong	3	2	alpha_gt_beta	5	10	0	false	-1/448	-2	-1/448	0	true	outside_cone
jacobi_turan_gasper_cone	right	3	2	alpha_gt_beta	6	12	0	false	-1/720	-2	-1/720	0	true	outside_cone
jacobi_turan_gasper_cone	left	3	2	alpha_gt_beta	6	12	4	true	0	-1	0	1/9	false	positive_claim
jacobi_turan_gasper_cone	oriented	3	2	alpha_gt_beta	6	12	4	true	0	-1	0	1/9	false	positive_claim
jacobi_turan_gasper_cone	wrong	3	2	alpha_gt_beta	6	12	0	false	-1/720	-2	-1/720	0	true	outside_cone
jacobi_turan_gasper_cone	right	3	2	alpha_gt_beta	7	14	0	false	-1/1100	-2	-1/1100	0	true	outside_cone
jacobi_turan_gasper_cone	left	3	2	alpha_gt_beta	7	14	4	true	0	-1	0	1/9	false	positive_claim
jacobi_turan_gasper_cone	oriented	3	2	alpha_gt_beta	7	14	4	true	0	-1	0	1/9	false	positive_claim
jacobi_turan_gasper_cone	wrong	3	2	alpha_gt_beta	7	14	0	false	-1/1100	-2	-1/1100	0	true	outside_cone
jacobi_turan_gasper_cone	right	3	2	alpha_gt_beta	8	16	0	false	-3/4840	-2	-3/4840	0	true	outside_cone
jacobi_turan_gasper_cone	left	3	2	alpha_gt_beta	8	16	4	true	0	-1	0	1/9	false	positive_claim
jacobi_turan_gasper_cone	oriented	3	2	alpha_gt_beta	8	16	4	true	0	-1	0	1/9	false	positive_claim
jacobi_turan_gasper_cone	wrong	3	2	alpha_gt_beta	8	16	0	false	-3/4840	-2	-3/4840	0	true	outside_cone
jacobi_turan_gasper_cone	right	3	2	alpha_gt_beta	9	18	0	false	-1/2288	-2	-1/2288	0	true	outside_cone
jacobi_turan_gasper_cone	left	3	2	alpha_gt_beta	9	18	4	true	0	-1	0	1/9	false	positive_claim
jacobi_turan_gasper_cone	oriented	3	2	alpha_gt_beta	9	18	4	true	0	-1	0	1/9	false	positive_claim
jacobi_turan_gasper_cone	wrong	3	2	alpha_gt_beta	9	18	0	false	-1/2288	-2	-1/2288	0	true	outside_cone
jacobi_turan_gasper_cone	right	3	2	alpha_gt_beta	10	20	0	false	-3/9464	-2	-3/9464	0	true	outside_cone
jacobi_turan_gasper_cone	left	3	2	alpha_gt_beta	10	20	4	true	0	-1	0	1/9	false	positive_claim
jacobi_turan_gasper_cone	oriented	3	2	alpha_gt_beta	10	20	4	true	0	-1	0	1/9	false	positive_claim
jacobi_turan_gasper_cone	wrong	3	2	alpha_gt_beta	10	20	0	false	-3/9464	-2	-3/9464	0	true	outside_cone
jacobi_turan_gasper_cone	right	3	2	alpha_gt_beta	11	22	0	false	-3/12740	-2	-3/12740	0	true	outside_cone
jacobi_turan_gasper_cone	left	3	2	alpha_gt_beta	11	22	4	true	0	-1	0	1/9	false	positive_claim
jacobi_turan_gasper_cone	oriented	3	2	alpha_gt_beta	11	22	4	true	0	-1	0	1/9	false	positive_claim
jacobi_turan_gasper_cone	wrong	3	2	alpha_gt_beta	11	22	0	false	-3/12740	-2	-3/12740	0	true	outside_cone
jacobi_turan_gasper_cone	right	3	2	alpha_gt_beta	12	24	0	false	-1/5600	-2	-1/5600	0	true	outside_cone
jacobi_turan_gasper_cone	left	3	2	alpha_gt_beta	12	24	8	true	0	-1	0	1/9	false	positive_claim
jacobi_turan_gasper_cone	oriented	3	2	alpha_gt_beta	12	24	8	true	0	-1	0	1/9	false	positive_claim
jacobi_turan_gasper_cone	wrong	3	2	alpha_gt_beta	12	24	0	false	-1/5600	-2	-1/5600	0	true	outside_cone
jacobi_turan_gasper_cone	right	3	2	alpha_gt_beta	13	26	0	false	-3/21760	-2	-3/21760	0	true	outside_cone
jacobi_turan_gasper_cone	left	3	2	alpha_gt_beta	13	26	8	true	0	-1	0	1/9	false	positive_claim
jacobi_turan_gasper_cone	oriented	3	2	alpha_gt_beta	13	26	8	true	0	-1	0	1/9	false	positive_claim
jacobi_turan_gasper_cone	wrong	3	2	alpha_gt_beta	13	26	0	false	-3/21760	-2	-3/21760	0	true	outside_cone
jacobi_turan_gasper_cone	right	3	2	alpha_gt_beta	14	28	0	false	-1/9248	-2	-1/9248	0	true	outside_cone
jacobi_turan_gasper_cone	left	3	2	alpha_gt_beta	14	28	8	true	0	-1	0	1/9	false	positive_claim
jacobi_turan_gasper_cone	oriented	3	2	alpha_gt_beta	14	28	8	true	0	-1	0	1/9	false	positive_claim
jacobi_turan_gasper_cone	wrong	3	2	alpha_gt_beta	14	28	0	false	-1/9248	-2	-1/9248	0	true	outside_cone
jacobi_turan_gasper_cone	right	3	2	alpha_gt_beta	15	30	0	false	-1/11628	-2	-1/11628	0	true	outside_cone
jacobi_turan_gasper_cone	left	3	2	alpha_gt_beta	15	30	8	true	0	-1	0	1/9	false	positive_claim
jacobi_turan_gasper_cone	oriented	3	2	alpha_gt_beta	15	30	8	true	0	-1	0	1/9	false	positive_claim
jacobi_turan_gasper_cone	wrong	3	2	alpha_gt_beta	15	30	0	false	-1/11628	-2	-1/11628	0	true	outside_cone
jacobi_turan_gasper_cone	right	3	2	alpha_gt_beta	16	32	0	false	-1/14440	-2	-1/14440	0	true	outside_cone
jacobi_turan_gasper_cone	left	3	2	alpha_gt_beta	16	32	8	true	0	-1	0	1/9	false	positive_claim
jacobi_turan_gasper_cone	oriented	3	2	alpha_gt_beta	16	32	8	true	0	-1	0	1/9	false	positive_claim
jacobi_turan_gasper_cone	wrong	3	2	alpha_gt_beta	16	32	0	false	-1/14440	-2	-1/14440	0	true	outside_cone
jacobi_turan_gasper_cone	right	3	2	alpha_gt_beta	17	34	0	false	-3/53200	-2	-3/53200	0	true	outside_cone
jacobi_turan_gasper_cone	left	3	2	alpha_gt_beta	17	34	8	true	0	-1	0	1/9	false	positive_claim
jacobi_turan_gasper_cone	oriented	3	2	alpha_gt_beta	17	34	8	true	0	-1	0	1/9	false	positive_claim
jacobi_turan_gasper_cone	wrong	3	2	alpha_gt_beta	17	34	0	false	-3/53200	-2	-3/53200	0	true	outside_cone
jacobi_turan_gasper_cone	right	3	2	alpha_gt_beta	18	36	0	false	-1/21560	-2	-1/21560	0	true	outside_cone
jacobi_turan_gasper_cone	left	3	2	alpha_gt_beta	18	36	8	true	0	-1	0	1/9	false	positive_claim
jacobi_turan_gasper_cone	oriented	3	2	alpha_gt_beta	18	36	8	true	0	-1	0	1/9	false	positive_claim
jacobi_turan_gasper_cone	wrong	3	2	alpha_gt_beta	18	36	0	false	-1/21560	-2	-1/21560	0	true	outside_cone
jacobi_turan_gasper_cone	right	1	1	alpha_eq_beta	1	2	1	true	0	-1	0	0	false	positive_claim
jacobi_turan_gasper_cone	left	1	1	alpha_eq_beta	1	2	1	true	0	-1	0	0	false	positive_claim
jacobi_turan_gasper_cone	oriented	1	1	alpha_eq_beta	1	2	1	true	0	-1	0	0	false	positive_claim
jacobi_turan_gasper_cone	right	1	1	alpha_eq_beta	2	4	2	true	0	-1	0	0	false	positive_claim
jacobi_turan_gasper_cone	left	1	1	alpha_eq_beta	2	4	2	true	0	-1	0	0	false	positive_claim
jacobi_turan_gasper_cone	oriented	1	1	alpha_eq_beta	2	4	2	true	0	-1	0	0	false	positive_claim
jacobi_turan_gasper_cone	right	1	1	alpha_eq_beta	3	6	2	true	0	-1	0	0	false	positive_claim
jacobi_turan_gasper_cone	left	1	1	alpha_eq_beta	3	6	2	true	0	-1	0	0	false	positive_claim
jacobi_turan_gasper_cone	oriented	1	1	alpha_eq_beta	3	6	2	true	0	-1	0	0	false	positive_claim
jacobi_turan_gasper_cone	right	1	1	alpha_eq_beta	4	8	2	true	0	-1	0	0	false	positive_claim
jacobi_turan_gasper_cone	left	1	1	alpha_eq_beta	4	8	2	true	0	-1	0	0	false	positive_claim
jacobi_turan_gasper_cone	oriented	1	1	alpha_eq_beta	4	8	2	true	0	-1	0	0	false	positive_claim
jacobi_turan_gasper_cone	right	1	1	alpha_eq_beta	5	10	4	true	0	-1	0	0	false	positive_claim
jacobi_turan_gasper_cone	left	1	1	alpha_eq_beta	5	10	4	true	0	-1	0	0	false	positive_claim
jacobi_turan_gasper_cone	oriented	1	1	alpha_eq_beta	5	10	4	true	0	-1	0	0	false	positive_claim
jacobi_turan_gasper_cone	right	1	1	alpha_eq_beta	6	12	4	true	0	-1	0	0	false	positive_claim
jacobi_turan_gasper_cone	left	1	1	alpha_eq_beta	6	12	4	true	0	-1	0	0	false	positive_claim
jacobi_turan_gasper_cone	oriented	1	1	alpha_eq_beta	6	12	4	true	0	-1	0	0	false	positive_claim
jacobi_turan_gasper_cone	right	1	1	alpha_eq_beta	7	14	4	true	0	-1	0	0	false	positive_claim
jacobi_turan_gasper_cone	left	1	1	alpha_eq_beta	7	14	4	true	0	-1	0	0	false	positive_claim
jacobi_turan_gasper_cone	oriented	1	1	alpha_eq_beta	7	14	4	true	0	-1	0	0	false	positive_claim
jacobi_turan_gasper_cone	right	1	1	alpha_eq_beta	8	16	4	true	0	-1	0	0	false	positive_claim
jacobi_turan_gasper_cone	left	1	1	alpha_eq_beta	8	16	4	true	0	-1	0	0	false	positive_claim
jacobi_turan_gasper_cone	oriented	1	1	alpha_eq_beta	8	16	4	true	0	-1	0	0	false	positive_claim
jacobi_turan_gasper_cone	right	1	1	alpha_eq_beta	9	18	4	true	0	-1	0	0	false	positive_claim
jacobi_turan_gasper_cone	left	1	1	alpha_eq_beta	9	18	4	true	0	-1	0	0	false	positive_claim
jacobi_turan_gasper_cone	oriented	1	1	alpha_eq_beta	9	18	4	true	0	-1	0	0	false	positive_claim
jacobi_turan_gasper_cone	right	1	1	alpha_eq_beta	10	20	4	true	0	-1	0	0	false	positive_claim
jacobi_turan_gasper_cone	left	1	1	alpha_eq_beta	10	20	4	true	0	-1	0	0	false	positive_claim
jacobi_turan_gasper_cone	oriented	1	1	alpha_eq_beta	10	20	4	true	0	-1	0	0	false	positive_claim
jacobi_turan_gasper_cone	right	1	1	alpha_eq_beta	11	22	4	true	0	-1	0	0	false	positive_claim
jacobi_turan_gasper_cone	left	1	1	alpha_eq_beta	11	22	4	true	0	-1	0	0	false	positive_claim
jacobi_turan_gasper_cone	oriented	1	1	alpha_eq_beta	11	22	4	true	0	-1	0	0	false	positive_claim
jacobi_turan_gasper_cone	right	1	1	alpha_eq_beta	12	24	4	true	0	-1	0	0	false	positive_claim
jacobi_turan_gasper_cone	left	1	1	alpha_eq_beta	12	24	4	true	0	-1	0	0	false	positive_claim
jacobi_turan_gasper_cone	oriented	1	1	alpha_eq_beta	12	24	4	true	0	-1	0	0	false	positive_claim
jacobi_turan_gasper_cone	right	1	1	alpha_eq_beta	13	26	8	true	0	-1	0	0	false	positive_claim
jacobi_turan_gasper_cone	left	1	1	alpha_eq_beta	13	26	8	true	0	-1	0	0	false	positive_claim
jacobi_turan_gasper_cone	oriented	1	1	alpha_eq_beta	13	26	8	true	0	-1	0	0	false	positive_claim
jacobi_turan_gasper_cone	right	1	1	alpha_eq_beta	14	28	8	true	0	-1	0	0	false	positive_claim
jacobi_turan_gasper_cone	left	1	1	alpha_eq_beta	14	28	8	true	0	-1	0	0	false	positive_claim
jacobi_turan_gasper_cone	oriented	1	1	alpha_eq_beta	14	28	8	true	0	-1	0	0	false	positive_claim
jacobi_turan_gasper_cone	right	1	1	alpha_eq_beta	15	30	8	true	0	-1	0	0	false	positive_claim
jacobi_turan_gasper_cone	left	1	1	alpha_eq_beta	15	30	8	true	0	-1	0	0	false	positive_claim
jacobi_turan_gasper_cone	oriented	1	1	alpha_eq_beta	15	30	8	true	0	-1	0	0	false	positive_claim
jacobi_turan_gasper_cone	right	1	1	alpha_eq_beta	16	32	8	true	0	-1	0	0	false	positive_claim
jacobi_turan_gasper_cone	left	1	1	alpha_eq_beta	16	32	8	true	0	-1	0	0	false	positive_claim
jacobi_turan_gasper_cone	oriented	1	1	alpha_eq_beta	16	32	8	true	0	-1	0	0	false	positive_claim
jacobi_turan_gasper_cone	right	1	1	alpha_eq_beta	17	34	8	true	0	-1	0	0	false	positive_claim
jacobi_turan_gasper_cone	left	1	1	alpha_eq_beta	17	34	8	true	0	-1	0	0	false	positive_claim
jacobi_turan_gasper_cone	oriented	1	1	alpha_eq_beta	17	34	8	true	0	-1	0	0	false	positive_claim
jacobi_turan_gasper_cone	right	1	1	alpha_eq_beta	18	36	8	true	0	-1	0	0	false	positive_claim
jacobi_turan_gasper_cone	left	1	1	alpha_eq_beta	18	36	8	true	0	-1	0	0	false	positive_claim
jacobi_turan_gasper_cone	oriented	1	1	alpha_eq_beta	18	36	8	true	0	-1	0	0	false	positive_claim
jacobi_turan_gasper_cone	right	2	2	alpha_eq_beta	1	2	1	true	0	-1	0	0	false	positive_claim
jacobi_turan_gasper_cone	left	2	2	alpha_eq_beta	1	2	1	true	0	-1	0	0	false	positive_claim
jacobi_turan_gasper_cone	oriented	2	2	alpha_eq_beta	1	2	1	true	0	-1	0	0	false	positive_claim
jacobi_turan_gasper_cone	right	2	2	alpha_eq_beta	2	4	2	true	0	-1	0	0	false	positive_claim
jacobi_turan_gasper_cone	left	2	2	alpha_eq_beta	2	4	2	true	0	-1	0	0	false	positive_claim
jacobi_turan_gasper_cone	oriented	2	2	alpha_eq_beta	2	4	2	true	0	-1	0	0	false	positive_claim
jacobi_turan_gasper_cone	right	2	2	alpha_eq_beta	3	6	2	true	0	-1	0	0	false	positive_claim
jacobi_turan_gasper_cone	left	2	2	alpha_eq_beta	3	6	2	true	0	-1	0	0	false	positive_claim
jacobi_turan_gasper_cone	oriented	2	2	alpha_eq_beta	3	6	2	true	0	-1	0	0	false	positive_claim
jacobi_turan_gasper_cone	right	2	2	alpha_eq_beta	4	8	2	true	0	-1	0	0	false	positive_claim
jacobi_turan_gasper_cone	left	2	2	alpha_eq_beta	4	8	2	true	0	-1	0	0	false	positive_claim
jacobi_turan_gasper_cone	oriented	2	2	alpha_eq_beta	4	8	2	true	0	-1	0	0	false	positive_claim
jacobi_turan_gasper_cone	right	2	2	alpha_eq_beta	5	10	4	true	0	-1	0	0	false	positive_claim
jacobi_turan_gasper_cone	left	2	2	alpha_eq_beta	5	10	4	true	0	-1	0	0	false	positive_claim
jacobi_turan_gasper_cone	oriented	2	2	alpha_eq_beta	5	10	4	true	0	-1	0	0	false	positive_claim
jacobi_turan_gasper_cone	right	2	2	alpha_eq_beta	6	12	4	true	0	-1	0	0	false	positive_claim
jacobi_turan_gasper_cone	left	2	2	alpha_eq_beta	6	12	4	true	0	-1	0	0	false	positive_claim
jacobi_turan_gasper_cone	oriented	2	2	alpha_eq_beta	6	12	4	true	0	-1	0	0	false	positive_claim
jacobi_turan_gasper_cone	right	2	2	alpha_eq_beta	7	14	4	true	0	-1	0	0	false	positive_claim
jacobi_turan_gasper_cone	left	2	2	alpha_eq_beta	7	14	4	true	0	-1	0	0	false	positive_claim
jacobi_turan_gasper_cone	oriented	2	2	alpha_eq_beta	7	14	4	true	0	-1	0	0	false	positive_claim
jacobi_turan_gasper_cone	right	2	2	alpha_eq_beta	8	16	4	true	0	-1	0	0	false	positive_claim
jacobi_turan_gasper_cone	left	2	2	alpha_eq_beta	8	16	4	true	0	-1	0	0	false	positive_claim
jacobi_turan_gasper_cone	oriented	2	2	alpha_eq_beta	8	16	4	true	0	-1	0	0	false	positive_claim
jacobi_turan_gasper_cone	right	2	2	alpha_eq_beta	9	18	4	true	0	-1	0	0	false	positive_claim
jacobi_turan_gasper_cone	left	2	2	alpha_eq_beta	9	18	4	true	0	-1	0	0	false	positive_claim
jacobi_turan_gasper_cone	oriented	2	2	alpha_eq_beta	9	18	4	true	0	-1	0	0	false	positive_claim
jacobi_turan_gasper_cone	right	2	2	alpha_eq_beta	10	20	4	true	0	-1	0	0	false	positive_claim
jacobi_turan_gasper_cone	left	2	2	alpha_eq_beta	10	20	4	true	0	-1	0	0	false	positive_claim
jacobi_turan_gasper_cone	oriented	2	2	alpha_eq_beta	10	20	4	true	0	-1	0	0	false	positive_claim
jacobi_turan_gasper_cone	right	2	2	alpha_eq_beta	11	22	4	true	0	-1	0	0	false	positive_claim
jacobi_turan_gasper_cone	left	2	2	alpha_eq_beta	11	22	4	true	0	-1	0	0	false	positive_claim
jacobi_turan_gasper_cone	oriented	2	2	alpha_eq_beta	11	22	4	true	0	-1	0	0	false	positive_claim
jacobi_turan_gasper_cone	right	2	2	alpha_eq_beta	12	24	4	true	0	-1	0	0	false	positive_claim
jacobi_turan_gasper_cone	left	2	2	alpha_eq_beta	12	24	4	true	0	-1	0	0	false	positive_claim
jacobi_turan_gasper_cone	oriented	2	2	alpha_eq_beta	12	24	4	true	0	-1	0	0	false	positive_claim
jacobi_turan_gasper_cone	right	2	2	alpha_eq_beta	13	26	8	true	0	-1	0	0	false	positive_claim
jacobi_turan_gasper_cone	left	2	2	alpha_eq_beta	13	26	8	true	0	-1	0	0	false	positive_claim
jacobi_turan_gasper_cone	oriented	2	2	alpha_eq_beta	13	26	8	true	0	-1	0	0	false	positive_claim
jacobi_turan_gasper_cone	right	2	2	alpha_eq_beta	14	28	8	true	0	-1	0	0	false	positive_claim
jacobi_turan_gasper_cone	left	2	2	alpha_eq_beta	14	28	8	true	0	-1	0	0	false	positive_claim
jacobi_turan_gasper_cone	oriented	2	2	alpha_eq_beta	14	28	8	true	0	-1	0	0	false	positive_claim
jacobi_turan_gasper_cone	right	2	2	alpha_eq_beta	15	30	8	true	0	-1	0	0	false	positive_claim
jacobi_turan_gasper_cone	left	2	2	alpha_eq_beta	15	30	8	true	0	-1	0	0	false	positive_claim
jacobi_turan_gasper_cone	oriented	2	2	alpha_eq_beta	15	30	8	true	0	-1	0	0	false	positive_claim
jacobi_turan_gasper_cone	right	2	2	alpha_eq_beta	16	32	8	true	0	-1	0	0	false	positive_claim
jacobi_turan_gasper_cone	left	2	2	alpha_eq_beta	16	32	8	true	0	-1	0	0	false	positive_claim
jacobi_turan_gasper_cone	oriented	2	2	alpha_eq_beta	16	32	8	true	0	-1	0	0	false	positive_claim
jacobi_turan_gasper_cone	right	2	2	alpha_eq_beta	17	34	8	true	0	-1	0	0	false	positive_claim
jacobi_turan_gasper_cone	left	2	2	alpha_eq_beta	17	34	8	true	0	-1	0	0	false	positive_claim
jacobi_turan_gasper_cone	oriented	2	2	alpha_eq_beta	17	34	8	true	0	-1	0	0	false	positive_claim
jacobi_turan_gasper_cone	right	2	2	alpha_eq_beta	18	36	8	true	0	-1	0	0	false	positive_claim
jacobi_turan_gasper_cone	left	2	2	alpha_eq_beta	18	36	8	true	0	-1	0	0	false	positive_claim
jacobi_turan_gasper_cone	oriented	2	2	alpha_eq_beta	18	36	8	true	0	-1	0	0	false	positive_claim
jacobi_turan_gasper_cone	right	1/3	2/3	beta_gt_alpha	1	2	1	true	0	-1	15/112	0	false	positive_claim
jacobi_turan_gasper_cone	left	1/3	2/3	beta_gt_alpha	1	2	0	false	-3/50	-2	0	-3/50	true	outside_cone
jacobi_turan_gasper_cone	oriented	1/3	2/3	beta_gt_alpha	1	2	1	true	0	-1	15/112	0	false	positive_claim
jacobi_turan_gasper_cone	wrong	1/3	2/3	beta_gt_alpha	1	2	0	false	-3/50	-2	0	-3/50	true	outside_cone
jacobi_turan_gasper_cone	right	1/3	2/3	beta_gt_alpha	2	4	2	true	0	-1	15/196	0	false	positive_claim
jacobi_turan_gasper_cone	left	1/3	2/3	beta_gt_alpha	2	4	0	false	-21/1100	-2	0	-21/1100	true	outside_cone
jacobi_turan_gasper_cone	oriented	1/3	2/3	beta_gt_alpha	2	4	2	true	0	-1	15/196	0	false	positive_claim
jacobi_turan_gasper_cone	wrong	1/3	2/3	beta_gt_alpha	2	4	0	false	-21/1100	-2	0	-21/1100	true	outside_cone
jacobi_turan_gasper_cone	right	1/3	2/3	beta_gt_alpha	3	6	2	true	0	-1	33/637	0	false	positive_claim
jacobi_turan_gasper_cone	left	1/3	2/3	beta_gt_alpha	3	6	0	false	-21/2420	-2	0	-21/2420	true	outside_cone
jacobi_turan_gasper_cone	oriented	1/3	2/3	beta_gt_alpha	3	6	2	true	0	-1	33/637	0	false	positive_claim
jacobi_turan_gasper_cone	wrong	1/3	2/3	beta_gt_alpha	3	6	0	false	-21/2420	-2	0	-21/2420	true	outside_cone
jacobi_turan_gasper_cone	right	1/3	2/3	beta_gt_alpha	4	8	2	true	0	-1	363/9464	0	false	positive_claim
jacobi_turan_gasper_cone	left	1/3	2/3	beta_gt_alpha	4	8	0	false	-39/8228	-2	0	-39/8228	true	outside_cone
jacobi_turan_gasper_cone	oriented	1/3	2/3	beta_gt_alpha	4	8	2	true	0	-1	363/9464	0	false	positive_claim
jacobi_turan_gasper_cone	wrong	1/3	2/3	beta_gt_alpha	4	8	0	false	-39/8228	-2	0	-39/8228	true	outside_cone
jacobi_turan_gasper_cone	right	1/3	2/3	beta_gt_alpha	5	10	4	true	0	-1	6171/205504	0	false	positive_claim
jacobi_turan_gasper_cone	left	1/3	2/3	beta_gt_alpha	5	10	0	false	-507/174845	-2	0	-507/174845	true	outside_cone
jacobi_turan_gasper_cone	oriented	1/3	2/3	beta_gt_alpha	5	10	4	true	0	-1	6171/205504	0	false	positive_claim
jacobi_turan_gasper_cone	wrong	1/3	2/3	beta_gt_alpha	5	10	0	false	-507/174845	-2	0	-507/174845	true	outside_cone
jacobi_turan_gasper_cone	right	1/3	2/3	beta_gt_alpha	6	12	4	true	0	-1	47685/1952288	0	false	positive_claim
jacobi_turan_gasper_cone	left	1/3	2/3	beta_gt_alpha	6	12	0	false	-38532/20107175	-2	0	-38532/20107175	true	outside_cone
jacobi_turan_gasper_cone	oriented	1/3	2/3	beta_gt_alpha	6	12	4	true	0	-1	47685/1952288	0	false	positive_claim
jacobi_turan_gasper_cone	wrong	1/3	2/3	beta_gt_alpha	6	12	0	false	-38532/20107175	-2	0	-38532/20107175	true	outside_cone
jacobi_turan_gasper_cone	right	1/3	2/3	beta_gt_alpha	7	14	4	true	0	-1	19941/976144	0	false	positive_claim
jacobi_turan_gasper_cone	left	1/3	2/3	beta_gt_alpha	7	14	0	false	-56316/42042275	-2	0	-56316/42042275	true	outside_cone
jacobi_turan_gasper_cone	oriented	1/3	2/3	beta_gt_alpha	7	14	4	true	0	-1	19941/976144	0	false	positive_claim
jacobi_turan_gasper_cone	wrong	1/3	2/3	beta_gt_alpha	7	14	0	false	-56316/42042275	-2	0	-56316/42042275	true	outside_cone
jacobi_turan_gasper_cone	right	1/3	2/3	beta_gt_alpha	8	16	4	true	0	-1	458643/26280800	0	false	positive_claim
jacobi_turan_gasper_cone	left	1/3	2/3	beta_gt_alpha	8	16	0	false	-4332/4433549	-2	0	-4332/4433549	true	outside_cone
jacobi_turan_gasper_cone	oriented	1/3	2/3	beta_gt_alpha	8	16	4	true	0	-1	458643/26280800	0	false	positive_claim
jacobi_turan_gasper_cone	wrong	1/3	2/3	beta_gt_alpha	8	16	0	false	-4332/4433549	-2	0	-4332/4433549	true	outside_cone
jacobi_turan_gasper_cone	right	1/3	2/3	beta_gt_alpha	9	18	4	true	0	-1	13300647/877374400	0	false	positive_claim
jacobi_turan_gasper_cone	left	1/3	2/3	beta_gt_alpha	9	18	0	false	-189525/257145842	-2	0	-189525/257145842	true	outside_cone
jacobi_turan_gasper_cone	oriented	1/3	2/3	beta_gt_alpha	9	18	4	true	0	-1	13300647/877374400	0	false	positive_claim
jacobi_turan_gasper_cone	wrong	1/3	2/3	beta_gt_alpha	9	18	0	false	-189525/257145842	-2	0	-189525/257145842	true	outside_cone
jacobi_turan_gasper_cone	right	1/3	2/3	beta_gt_alpha	10	20	4	true	0	-1	22689339/1699912900	0	false	positive_claim
jacobi_turan_gasper_cone	left	1/3	2/3	beta_gt_alpha	10	20	0	false	-1175055/2057166736	-2	0	-1175055/2057166736	true	outside_cone
jacobi_turan_gasper_cone	oriented	1/3	2/3	beta_gt_alpha	10	20	4	true	0	-1	22689339/1699912900	0	false	positive_claim
jacobi_turan_gasper_cone	wrong	1/3	2/3	beta_gt_alpha	10	20	0	false	-1175055/2057166736	-2	0	-1175055/2057166736	true	outside_cone
jacobi_turan_gasper_cone	right	1/3	2/3	beta_gt_alpha	11	22	4	true	0	-1	5338668/449262695	0	false	positive_claim
jacobi_turan_gasper_cone	left	1/3	2/3	beta_gt_alpha	11	22	0	false	-54777/121009808	-2	0	-54777/121009808	true	outside_cone
jacobi_turan_gasper_cone	oriented	1/3	2/3	beta_gt_alpha	11	22	4	true	0	-1	5338668/449262695	0	false	positive_claim
jacobi_turan_gasper_cone	wrong	1/3	2/3	beta_gt_alpha	11	22	0	false	-54777/121009808	-2	0	-54777/121009808	true	outside_cone
jacobi_turan_gasper_cone	right	1/3	2/3	beta_gt_alpha	12	24	4	true	0	-1	1334667/124982855	0	false	positive_claim
jacobi_turan_gasper_cone	left	1/3	2/3	beta_gt_alpha	12	24	0	false	-106671/291847184	-2	0	-106671/291847184	true	outside_cone
jacobi_turan_gasper_cone	oriented	1/3	2/3	beta_gt_alpha	12	24	4	true	0	-1	1334667/124982855	0	false	positive_claim
jacobi_turan_gasper_cone	wrong	1/3	2/3	beta_gt_alpha	12	24	0	false	-106671/291847184	-2	0	-106671/291847184	true	outside_cone
jacobi_turan_gasper_cone	right	1/3	2/3	beta_gt_alpha	13	26	8	true	0	-1	54721347/5657118700	0	false	positive_claim
jacobi_turan_gasper_cone	left	1/3	2/3	beta_gt_alpha	13	26	0	false	-19734135/65811539992	-2	0	-19734135/65811539992	true	outside_cone
jacobi_turan_gasper_cone	oriented	1/3	2/3	beta_gt_alpha	13	26	8	true	0	-1	54721347/5657118700	0	false	positive_claim
jacobi_turan_gasper_cone	wrong	1/3	2/3	beta_gt_alpha	13	26	0	false	-19734135/65811539992	-2	0	-19734135/65811539992	true	outside_cone
jacobi_turan_gasper_cone	right	1/3	2/3	beta_gt_alpha	14	28	8	true	0	-1	1073014239/121628052050	0	false	positive_claim
jacobi_turan_gasper_cone	left	1/3	2/3	beta_gt_alpha	14	28	0	false	-4242839025/17012283087932	-2	0	-4242839025/17012283087932	true	outside_cone
jacobi_turan_gasper_cone	oriented	1/3	2/3	beta_gt_alpha	14	28	8	true	0	-1	1073014239/121628052050	0	false	positive_claim
jacobi_turan_gasper_cone	wrong	1/3	2/3	beta_gt_alpha	14	28	0	false	-4242839025/17012283087932	-2	0	-4242839025/17012283087932	true	outside_cone
jacobi_turan_gasper_cone	right	1/3	2/3	beta_gt_alpha	15	30	8	true	0	-1	24119493981/2979887275225	0	false	positive_claim
jacobi_turan_gasper_cone	left	1/3	2/3	beta_gt_alpha	15	30	0	false	-7297683123/34764230657948	-2	0	-7297683123/34764230657948	true	outside_cone
jacobi_turan_gasper_cone	oriented	1/3	2/3	beta_gt_alpha	15	30	8	true	0	-1	24119493981/2979887275225	0	false	positive_claim
jacobi_turan_gasper_cone	wrong	1/3	2/3	beta_gt_alpha	15	30	0	false	-7297683123/34764230657948	-2	0	-7297683123/34764230657948	true	outside_cone
jacobi_turan_gasper_cone	right	1/3	2/3	beta_gt_alpha	16	32	8	true	0	-1	1133616217107/151855055545466	0	false	positive_claim
jacobi_turan_gasper_cone	left	1/3	2/3	beta_gt_alpha	16	32	0	false	-357586473027/2002721983555700	-2	0	-357586473027/2002721983555700	true	outside_cone
jacobi_turan_gasper_cone	oriented	1/3	2/3	beta_gt_alpha	16	32	8	true	0	-1	1133616217107/151855055545466	0	false	positive_claim
jacobi_turan_gasper_cone	wrong	1/3	2/3	beta_gt_alpha	16	32	0	false	-357586473027/2002721983555700	-2	0	-357586473027/2002721983555700	true	outside_cone
jacobi_turan_gasper_cone	right	1/3	2/3	beta_gt_alpha	17	34	8	true	0	-1	27309845230305/3948231444182116	0	false	positive_claim
jacobi_turan_gasper_cone	left	1/3	2/3	beta_gt_alpha	17	34	0	false	-32540369045457/212288530256904200	-2	0	-32540369045457/212288530256904200	true	outside_cone
jacobi_turan_gasper_cone	oriented	1/3	2/3	beta_gt_alpha	17	34	8	true	0	-1	27309845230305/3948231444182116	0	false	positive_claim
jacobi_turan_gasper_cone	wrong	1/3	2/3	beta_gt_alpha	17	34	0	false	-32540369045457/212288530256904200	-2	0	-32540369045457/212288530256904200	true	outside_cone
jacobi_turan_gasper_cone	right	1/3	2/3	beta_gt_alpha	18	36	8	true	0	-1	907474481007/141008265863647	0	false	positive_claim
jacobi_turan_gasper_cone	left	1/3	2/3	beta_gt_alpha	18	36	0	false	-60432113941563/455455392187539920	-2	0	-60432113941563/455455392187539920	true	outside_cone
jacobi_turan_gasper_cone	oriented	1/3	2/3	beta_gt_alpha	18	36	8	true	0	-1	907474481007/141008265863647	0	false	positive_claim
jacobi_turan_gasper_cone	wrong	1/3	2/3	beta_gt_alpha	18	36	0	false	-60432113941563/455455392187539920	-2	0	-60432113941563/455455392187539920	true	outside_cone
jacobi_turan_gasper_cone	right	2/3	1/3	alpha_gt_beta	1	2	0	false	-3/50	-2	-3/50	0	true	outside_cone
jacobi_turan_gasper_cone	left	2/3	1/3	alpha_gt_beta	1	2	1	true	0	-1	0	15/112	false	positive_claim
jacobi_turan_gasper_cone	oriented	2/3	1/3	alpha_gt_beta	1	2	1	true	0	-1	0	15/112	false	positive_claim
jacobi_turan_gasper_cone	wrong	2/3	1/3	alpha_gt_beta	1	2	0	false	-3/50	-2	-3/50	0	true	outside_cone
jacobi_turan_gasper_cone	right	2/3	1/3	alpha_gt_beta	2	4	0	false	-21/1100	-2	-21/1100	0	true	outside_cone
jacobi_turan_gasper_cone	left	2/3	1/3	alpha_gt_beta	2	4	2	true	0	-1	0	15/196	false	positive_claim
jacobi_turan_gasper_cone	oriented	2/3	1/3	alpha_gt_beta	2	4	2	true	0	-1	0	15/196	false	positive_claim
jacobi_turan_gasper_cone	wrong	2/3	1/3	alpha_gt_beta	2	4	0	false	-21/1100	-2	-21/1100	0	true	outside_cone
jacobi_turan_gasper_cone	right	2/3	1/3	alpha_gt_beta	3	6	0	false	-21/2420	-2	-21/2420	0	true	outside_cone
jacobi_turan_gasper_cone	left	2/3	1/3	alpha_gt_beta	3	6	2	true	0	-1	0	33/637	false	positive_claim
jacobi_turan_gasper_cone	oriented	2/3	1/3	alpha_gt_beta	3	6	2	true	0	-1	0	33/637	false	positive_claim
jacobi_turan_gasper_cone	wrong	2/3	1/3	alpha_gt_beta	3	6	0	false	-21/2420	-2	-21/2420	0	true	outside_cone
jacobi_turan_gasper_cone	right	2/3	1/3	alpha_gt_beta	4	8	0	false	-39/8228	-2	-39/8228	0	true	outside_cone
jacobi_turan_gasper_cone	left	2/3	1/3	alpha_gt_beta	4	8	2	true	0	-1	0	363/9464	false	positive_claim
jacobi_turan_gasper_cone	oriented	2/3	1/3	alpha_gt_beta	4	8	2	true	0	-1	0	363/9464	false	positive_claim
jacobi_turan_gasper_cone	wrong	2/3	1/3	alpha_gt_beta	4	8	0	false	-39/8228	-2	-39/8228	0	true	outside_cone
jacobi_turan_gasper_cone	right	2/3	1/3	alpha_gt_beta	5	10	0	false	-507/174845	-2	-507/174845	0	true	outside_cone
jacobi_turan_gasper_cone	left	2/3	1/3	alpha_gt_beta	5	10	4	true	0	-1	0	6171/205504	false	positive_claim
jacobi_turan_gasper_cone	oriented	2/3	1/3	alpha_gt_beta	5	10	4	true	0	-1	0	6171/205504	false	positive_claim
jacobi_turan_gasper_cone	wrong	2/3	1/3	alpha_gt_beta	5	10	0	false	-507/174845	-2	-507/174845	0	true	outside_cone
jacobi_turan_gasper_cone	right	2/3	1/3	alpha_gt_beta	6	12	0	false	-38532/20107175	-2	-38532/20107175	0	true	outside_cone
jacobi_turan_gasper_cone	left	2/3	1/3	alpha_gt_beta	6	12	4	true	0	-1	0	47685/1952288	false	positive_claim
jacobi_turan_gasper_cone	oriented	2/3	1/3	alpha_gt_beta	6	12	4	true	0	-1	0	47685/1952288	false	positive_claim
jacobi_turan_gasper_cone	wrong	2/3	1/3	alpha_gt_beta	6	12	0	false	-38532/20107175	-2	-38532/20107175	0	true	outside_cone
jacobi_turan_gasper_cone	right	2/3	1/3	alpha_gt_beta	7	14	0	false	-56316/42042275	-2	-56316/42042275	0	true	outside_cone
jacobi_turan_gasper_cone	left	2/3	1/3	alpha_gt_beta	7	14	4	true	0	-1	0	19941/976144	false	positive_claim
jacobi_turan_gasper_cone	oriented	2/3	1/3	alpha_gt_beta	7	14	4	true	0	-1	0	19941/976144	false	positive_claim
jacobi_turan_gasper_cone	wrong	2/3	1/3	alpha_gt_beta	7	14	0	false	-56316/42042275	-2	-56316/42042275	0	true	outside_cone
jacobi_turan_gasper_cone	right	2/3	1/3	alpha_gt_beta	8	16	0	false	-4332/4433549	-2	-4332/4433549	0	true	outside_cone
jacobi_turan_gasper_cone	left	2/3	1/3	alpha_gt_beta	8	16	4	true	0	-1	0	458643/26280800	false	positive_claim
jacobi_turan_gasper_cone	oriented	2/3	1/3	alpha_gt_beta	8	16	4	true	0	-1	0	458643/26280800	false	positive_claim
jacobi_turan_gasper_cone	wrong	2/3	1/3	alpha_gt_beta	8	16	0	false	-4332/4433549	-2	-4332/4433549	0	true	outside_cone
jacobi_turan_gasper_cone	right	2/3	1/3	alpha_gt_beta	9	18	0	false	-189525/257145842	-2	-189525/257145842	0	true	outside_cone
jacobi_turan_gasper_cone	left	2/3	1/3	alpha_gt_beta	9	18	4	true	0	-1	0	13300647/877374400	false	positive_claim
jacobi_turan_gasper_cone	oriented	2/3	1/3	alpha_gt_beta	9	18	4	true	0	-1	0	13300647/877374400	false	positive_claim
jacobi_turan_gasper_cone	wrong	2/3	1/3	alpha_gt_beta	9	18	0	false	-189525/257145842	-2	-189525/257145842	0	true	outside_cone
jacobi_turan_gasper_cone	right	2/3	1/3	alpha_gt_beta	10	20	0	false	-1175055/2057166736	-2	-1175055/2057166736	0	true	outside_cone
jacobi_turan_gasper_cone	left	2/3	1/3	alpha_gt_beta	10	20	4	true	0	-1	0	22689339/1699912900	false	positive_claim
jacobi_turan_gasper_cone	oriented	2/3	1/3	alpha_gt_beta	10	20	4	true	0	-1	0	22689339/1699912900	false	positive_claim
jacobi_turan_gasper_cone	wrong	2/3	1/3	alpha_gt_beta	10	20	0	false	-1175055/2057166736	-2	-1175055/2057166736	0	true	outside_cone
jacobi_turan_gasper_cone	right	2/3	1/3	alpha_gt_beta	11	22	0	false	-54777/121009808	-2	-54777/121009808	0	true	outside_cone
jacobi_turan_gasper_cone	left	2/3	1/3	alpha_gt_beta	11	22	4	true	0	-1	0	5338668/449262695	false	positive_claim
jacobi_turan_gasper_cone	oriented	2/3	1/3	alpha_gt_beta	11	22	4	true	0	-1	0	5338668/449262695	false	positive_claim
jacobi_turan_gasper_cone	wrong	2/3	1/3	alpha_gt_beta	11	22	0	false	-54777/121009808	-2	-54777/121009808	0	true	outside_cone
jacobi_turan_gasper_cone	right	2/3	1/3	alpha_gt_beta	12	24	0	false	-106671/291847184	-2	-106671/291847184	0	true	outside_cone
jacobi_turan_gasper_cone	left	2/3	1/3	alpha_gt_beta	12	24	4	true	0	-1	0	1334667/124982855	false	positive_claim
jacobi_turan_gasper_cone	oriented	2/3	1/3	alpha_gt_beta	12	24	4	true	0	-1	0	1334667/124982855	false	positive_claim
jacobi_turan_gasper_cone	wrong	2/3	1/3	alpha_gt_beta	12	24	0	false	-106671/291847184	-2	-106671/291847184	0	true	outside_cone
jacobi_turan_gasper_cone	right	2/3	1/3	alpha_gt_beta	13	26	0	false	-19734135/65811539992	-2	-19734135/65811539992	0	true	outside_cone
jacobi_turan_gasper_cone	left	2/3	1/3	alpha_gt_beta	13	26	8	true	0	-1	0	54721347/5657118700	false	positive_claim
jacobi_turan_gasper_cone	oriented	2/3	1/3	alpha_gt_beta	13	26	8	true	0	-1	0	54721347/5657118700	false	positive_claim
jacobi_turan_gasper_cone	wrong	2/3	1/3	alpha_gt_beta	13	26	0	false	-19734135/65811539992	-2	-19734135/65811539992	0	true	outside_cone
jacobi_turan_gasper_cone	right	2/3	1/3	alpha_gt_beta	14	28	0	false	-4242839025/17012283087932	-2	-4242839025/17012283087932	0	true	outside_cone
jacobi_turan_gasper_cone	left	2/3	1/3	alpha_gt_beta	14	28	8	true	0	-1	0	1073014239/121628052050	false	positive_claim
jacobi_turan_gasper_cone	oriented	2/3	1/3	alpha_gt_beta	14	28	8	true	0	-1	0	1073014239/121628052050	false	positive_claim
jacobi_turan_gasper_cone	wrong	2/3	1/3	alpha_gt_beta	14	28	0	false	-4242839025/17012283087932	-2	-4242839025/17012283087932	0	true	outside_cone
jacobi_turan_gasper_cone	right	2/3	1/3	alpha_gt_beta	15	30	0	false	-7297683123/34764230657948	-2	-7297683123/34764230657948	0	true	outside_cone
jacobi_turan_gasper_cone	left	2/3	1/3	alpha_gt_beta	15	30	8	true	0	-1	0	24119493981/2979887275225	false	positive_claim
jacobi_turan_gasper_cone	oriented	2/3	1/3	alpha_gt_beta	15	30	8	true	0	-1	0	24119493981/2979887275225	false	positive_claim
jacobi_turan_gasper_cone	wrong	2/3	1/3	alpha_gt_beta	15	30	0	false	-7297683123/34764230657948	-2	-7297683123/34764230657948	0	true	outside_cone
jacobi_turan_gasper_cone	right	2/3	1/3	alpha_gt_beta	16	32	0	false	-357586473027/2002721983555700	-2	-357586473027/2002721983555700	0	true	outside_cone
jacobi_turan_gasper_cone	left	2/3	1/3	alpha_gt_beta	16	32	8	true	0	-1	0	1133616217107/151855055545466	false	positive_claim
jacobi_turan_gasper_cone	oriented	2/3	1/3	alpha_gt_beta	16	32	8	true	0	-1	0	1133616217107/151855055545466	false	positive_claim
jacobi_turan_gasper_cone	wrong	2/3	1/3	alpha_gt_beta	16	32	0	false	-357586473027/2002721983555700	-2	-357586473027/2002721983555700	0	true	outside_cone
jacobi_turan_gasper_cone	right	2/3	1/3	alpha_gt_beta	17	34	0	false	-32540369045457/212288530256904200	-2	-32540369045457/212288530256904200	0	true	outside_cone
jacobi_turan_gasper_cone	left	2/3	1/3	alpha_gt_beta	17	34	8	true	0	-1	0	27309845230305/3948231444182116	false	positive_claim
jacobi_turan_gasper_cone	oriented	2/3	1/3	alpha_gt_beta	17	34	8	true	0	-1	0	27309845230305/3948231444182116	false	positive_claim
jacobi_turan_gasper_cone	wrong	2/3	1/3	alpha_gt_beta	17	34	0	false	-32540369045457/212288530256904200	-2	-32540369045457/212288530256904200	0	true	outside_cone
jacobi_turan_gasper_cone	right	2/3	1/3	alpha_gt_beta	18	36	0	false	-60432113941563/455455392187539920	-2	-60432113941563/455455392187539920	0	true	outside_cone
jacobi_turan_gasper_cone	left	2/3	1/3	alpha_gt_beta	18	36	8	true	0	-1	0	907474481007/141008265863647	false	positive_claim
jacobi_turan_gasper_cone	oriented	2/3	1/3	alpha_gt_beta	18	36	8	true	0	-1	0	907474481007/141008265863647	false	positive_claim
jacobi_turan_gasper_cone	wrong	2/3	1/3	alpha_gt_beta	18	36	0	false	-60432113941563/455455392187539920	-2	-60432113941563/455455392187539920	0	true	outside_cone
jacobi_turan_gasper_cone	right	0	2	beta_gt_alpha	1	2	1	true	0	-1	3	0	false	positive_claim
jacobi_turan_gasper_cone	left	0	2	beta_gt_alpha	1	2	0	false	-1/18	-2	0	-1/18	true	outside_cone
jacobi_turan_gasper_cone	oriented	0	2	beta_gt_alpha	1	2	1	true	0	-1	3	0	false	positive_claim
jacobi_turan_gasper_cone	wrong	0	2	beta_gt_alpha	1	2	0	false	-1/18	-2	0	-1/18	true	outside_cone
jacobi_turan_gasper_cone	right	0	2	beta_gt_alpha	2	4	1	true	0	-1	6	0	false	positive_claim
jacobi_turan_gasper_cone	left	0	2	beta_gt_alpha	2	4	0	false	-1/180	-2	0	-1/180	true	outside_cone
jacobi_turan_gasper_cone	oriented	0	2	beta_gt_alpha	2	4	1	true	0	-1	6	0	false	positive_claim
jacobi_turan_gasper_cone	wrong	0	2	beta_gt_alpha	2	4	0	false	-1/180	-2	0	-1/180	true	outside_cone
jacobi_turan_gasper_cone	right	0	2	beta_gt_alpha	3	6	2	true	0	-1	10	0	false	positive_claim
jacobi_turan_gasper_cone	left	0	2	beta_gt_alpha	3	6	0	false	-1/900	-2	0	-1/900	true	outside_cone
jacobi_turan_gasper_cone	oriented	0	2	beta_gt_alpha	3	6	2	true	0	-1	10	0	false	positive_claim
jacobi_turan_gasper_cone	wrong	0	2	beta_gt_alpha	3	6	0	false	-1/900	-2	0	-1/900	true	outside_cone
jacobi_turan_gasper_cone	right	0	2	beta_gt_alpha	4	8	2	true	0	-1	15	0	false	positive_claim
jacobi_turan_gasper_cone	left	0	2	beta_gt_alpha	4	8	0	false	-1/3150	-2	0	-1/3150	true	outside_cone
jacobi_turan_gasper_cone	oriented	0	2	beta_gt_alpha	4	8	2	true	0	-1	15	0	false	positive_claim
jacobi_turan_gasper_cone	wrong	0	2	beta_gt_alpha	4	8	0	false	-1/3150	-2	0	-1/3150	true	outside_cone
jacobi_turan_gasper_cone	right	0	2	beta_gt_alpha	5	10	2	true	0	-1	21	0	false	positive_claim
jacobi_turan_gasper_cone	left	0	2	beta_gt_alpha	5	10	0	false	-1/8820	-2	0	-1/8820	true	outside_cone
jacobi_turan_gasper_cone	oriented	0	2	beta_gt_alpha	5	10	2	true	0	-1	21	0	false	positive_claim
jacobi_turan_gasper_cone	wrong	0	2	beta_gt_alpha	5	10	0	false	-1/8820	-2	0	-1/8820	true	outside_cone
jacobi_turan_gasper_cone	right	0	2	beta_gt_alpha	6	12	4	true	0	-1	28	0	false	positive_claim
jacobi_turan_gasper_cone	left	0	2	beta_gt_alpha	6	12	0	false	-1/21168	-2	0	-1/21168	true	outside_cone
jacobi_turan_gasper_cone	oriented	0	2	beta_gt_alpha	6	12	4	true	0	-1	28	0	false	positive_claim
jacobi_turan_gasper_cone	wrong	0	2	beta_gt_alpha	6	12	0	false	-1/21168	-2	0	-1/21168	true	outside_cone
jacobi_turan_gasper_cone	right	0	2	beta_gt_alpha	7	14	4	true	0	-1	36	0	false	positive_claim
jacobi_turan_gasper_cone	left	0	2	beta_gt_alpha	7	14	0	false	-1/45360	-2	0	-1/45360	true	outside_cone
jacobi_turan_gasper_cone	oriented	0	2	beta_gt_alpha	7	14	4	true	0	-1	36	0	false	positive_claim
jacobi_turan_gasper_cone	wrong	0	2	beta_gt_alpha	7	14	0	false	-1/45360	-2	0	-1/45360	true	outside_cone
jacobi_turan_gasper_cone	right	0	2	beta_gt_alpha	8	16	4	true	0	-1	45	0	false	positive_claim
jacobi_turan_gasper_cone	left	0	2	beta_gt_alpha	8	16	0	false	-1/89100	-2	0	-1/89100	true	outside_cone
jacobi_turan_gasper_cone	oriented	0	2	beta_gt_alpha	8	16	4	true	0	-1	45	0	false	positive_claim
jacobi_turan_gasper_cone	wrong	0	2	beta_gt_alpha	8	16	0	false	-1/89100	-2	0	-1/89100	true	outside_cone
jacobi_turan_gasper_cone	right	0	2	beta_gt_alpha	9	18	4	true	0	-1	55	0	false	positive_claim
jacobi_turan_gasper_cone	left	0	2	beta_gt_alpha	9	18	0	false	-1/163350	-2	0	-1/163350	true	outside_cone
jacobi_turan_gasper_cone	oriented	0	2	beta_gt_alpha	9	18	4	true	0	-1	55	0	false	positive_claim
jacobi_turan_gasper_cone	wrong	0	2	beta_gt_alpha	9	18	0	false	-1/163350	-2	0	-1/163350	true	outside_cone
jacobi_turan_gasper_cone	right	0	2	beta_gt_alpha	10	20	4	true	0	-1	66	0	false	positive_claim
jacobi_turan_gasper_cone	left	0	2	beta_gt_alpha	10	20	0	false	-1/283140	-2	0	-1/283140	true	outside_cone
jacobi_turan_gasper_cone	oriented	0	2	beta_gt_alpha	10	20	4	true	0	-1	66	0	false	positive_claim
jacobi_turan_gasper_cone	wrong	0	2	beta_gt_alpha	10	20	0	false	-1/283140	-2	0	-1/283140	true	outside_cone
jacobi_turan_gasper_cone	right	0	2	beta_gt_alpha	11	22	4	true	0	-1	78	0	false	positive_claim
jacobi_turan_gasper_cone	left	0	2	beta_gt_alpha	11	22	0	false	-1/468468	-2	0	-1/468468	true	outside_cone
jacobi_turan_gasper_cone	oriented	0	2	beta_gt_alpha	11	22	4	true	0	-1	78	0	false	positive_claim
jacobi_turan_gasper_cone	wrong	0	2	beta_gt_alpha	11	22	0	false	-1/468468	-2	0	-1/468468	true	outside_cone
jacobi_turan_gasper_cone	right	0	2	beta_gt_alpha	12	24	4	true	0	-1	91	0	false	positive_claim
jacobi_turan_gasper_cone	left	0	2	beta_gt_alpha	12	24	0	false	-1/745290	-2	0	-1/745290	true	outside_cone
jacobi_turan_gasper_cone	oriented	0	2	beta_gt_alpha	12	24	4	true	0	-1	91	0	false	positive_claim
jacobi_turan_gasper_cone	wrong	0	2	beta_gt_alpha	12	24	0	false	-1/745290	-2	0	-1/745290	true	outside_cone
jacobi_turan_gasper_cone	right	0	2	beta_gt_alpha	13	26	8	true	0	-1	105	0	false	positive_claim
jacobi_turan_gasper_cone	left	0	2	beta_gt_alpha	13	26	0	false	-1/1146600	-2	0	-1/1146600	true	outside_cone
jacobi_turan_gasper_cone	oriented	0	2	beta_gt_alpha	13	26	8	true	0	-1	105	0	false	positive_claim
jacobi_turan_gasper_cone	wrong	0	2	beta_gt_alpha	13	26	0	false	-1/1146600	-2	0	-1/1146600	true	outside_cone
jacobi_turan_gasper_cone	right	0	2	beta_gt_alpha	14	28	8	true	0	-1	120	0	false	positive_claim
jacobi_turan_gasper_cone	left	0	2	beta_gt_alpha	14	28	0	false	-1/1713600	-2	0	-1/1713600	true	outside_cone
jacobi_turan_gasper_cone	oriented	0	2	beta_gt_alpha	14	28	8	true	0	-1	120	0	false	positive_claim
jacobi_turan_gasper_cone	wrong	0	2	beta_gt_alpha	14	28	0	false	-1/1713600	-2	0	-1/1713600	true	outside_cone
jacobi_turan_gasper_cone	right	0	2	beta_gt_alpha	15	30	8	true	0	-1	136	0	false	positive_claim
jacobi_turan_gasper_cone	left	0	2	beta_gt_alpha	15	30	0	false	-1/2496960	-2	0	-1/2496960	true	outside_cone
jacobi_turan_gasper_cone	oriented	0	2	beta_gt_alpha	15	30	8	true	0	-1	136	0	false	positive_claim
jacobi_turan_gasper_cone	wrong	0	2	beta_gt_alpha	15	30	0	false	-1/2496960	-2	0	-1/2496960	true	outside_cone
jacobi_turan_gasper_cone	right	0	2	beta_gt_alpha	16	32	8	true	0	-1	153	0	false	positive_claim
jacobi_turan_gasper_cone	left	0	2	beta_gt_alpha	16	32	0	false	-1/3558168	-2	0	-1/3558168	true	outside_cone
jacobi_turan_gasper_cone	oriented	0	2	beta_gt_alpha	16	32	8	true	0	-1	153	0	false	positive_claim
jacobi_turan_gasper_cone	wrong	0	2	beta_gt_alpha	16	32	0	false	-1/3558168	-2	0	-1/3558168	true	outside_cone
jacobi_turan_gasper_cone	right	0	2	beta_gt_alpha	17	34	8	true	0	-1	171	0	false	positive_claim
jacobi_turan_gasper_cone	left	0	2	beta_gt_alpha	17	34	0	false	-1/4970970	-2	0	-1/4970970	true	outside_cone
jacobi_turan_gasper_cone	oriented	0	2	beta_gt_alpha	17	34	8	true	0	-1	171	0	false	positive_claim
jacobi_turan_gasper_cone	wrong	0	2	beta_gt_alpha	17	34	0	false	-1/4970970	-2	0	-1/4970970	true	outside_cone
jacobi_turan_gasper_cone	right	0	2	beta_gt_alpha	18	36	8	true	0	-1	190	0	false	positive_claim
jacobi_turan_gasper_cone	left	0	2	beta_gt_alpha	18	36	0	false	-1/6822900	-2	0	-1/6822900	true	outside_cone
jacobi_turan_gasper_cone	oriented	0	2	beta_gt_alpha	18	36	8	true	0	-1	190	0	false	positive_claim
jacobi_turan_gasper_cone	wrong	0	2	beta_gt_alpha	18	36	0	false	-1/6822900	-2	0	-1/6822900	true	outside_cone
jacobi_turan_gasper_cone	right	2	0	alpha_gt_beta	1	2	0	false	-1/18	-2	-1/18	0	true	outside_cone
jacobi_turan_gasper_cone	left	2	0	alpha_gt_beta	1	2	1	true	0	-1	0	3	false	positive_claim
jacobi_turan_gasper_cone	oriented	2	0	alpha_gt_beta	1	2	1	true	0	-1	0	3	false	positive_claim
jacobi_turan_gasper_cone	wrong	2	0	alpha_gt_beta	1	2	0	false	-1/18	-2	-1/18	0	true	outside_cone
jacobi_turan_gasper_cone	right	2	0	alpha_gt_beta	2	4	0	false	-1/180	-2	-1/180	0	true	outside_cone
jacobi_turan_gasper_cone	left	2	0	alpha_gt_beta	2	4	1	true	0	-1	0	6	false	positive_claim
jacobi_turan_gasper_cone	oriented	2	0	alpha_gt_beta	2	4	1	true	0	-1	0	6	false	positive_claim
jacobi_turan_gasper_cone	wrong	2	0	alpha_gt_beta	2	4	0	false	-1/180	-2	-1/180	0	true	outside_cone
jacobi_turan_gasper_cone	right	2	0	alpha_gt_beta	3	6	0	false	-1/900	-2	-1/900	0	true	outside_cone
jacobi_turan_gasper_cone	left	2	0	alpha_gt_beta	3	6	2	true	0	-1	0	10	false	positive_claim
jacobi_turan_gasper_cone	oriented	2	0	alpha_gt_beta	3	6	2	true	0	-1	0	10	false	positive_claim
jacobi_turan_gasper_cone	wrong	2	0	alpha_gt_beta	3	6	0	false	-1/900	-2	-1/900	0	true	outside_cone
jacobi_turan_gasper_cone	right	2	0	alpha_gt_beta	4	8	0	false	-1/3150	-2	-1/3150	0	true	outside_cone
jacobi_turan_gasper_cone	left	2	0	alpha_gt_beta	4	8	2	true	0	-1	0	15	false	positive_claim
jacobi_turan_gasper_cone	oriented	2	0	alpha_gt_beta	4	8	2	true	0	-1	0	15	false	positive_claim
jacobi_turan_gasper_cone	wrong	2	0	alpha_gt_beta	4	8	0	false	-1/3150	-2	-1/3150	0	true	outside_cone
jacobi_turan_gasper_cone	right	2	0	alpha_gt_beta	5	10	0	false	-1/8820	-2	-1/8820	0	true	outside_cone
jacobi_turan_gasper_cone	left	2	0	alpha_gt_beta	5	10	2	true	0	-1	0	21	false	positive_claim
jacobi_turan_gasper_cone	oriented	2	0	alpha_gt_beta	5	10	2	true	0	-1	0	21	false	positive_claim
jacobi_turan_gasper_cone	wrong	2	0	alpha_gt_beta	5	10	0	false	-1/8820	-2	-1/8820	0	true	outside_cone
jacobi_turan_gasper_cone	right	2	0	alpha_gt_beta	6	12	0	false	-1/21168	-2	-1/21168	0	true	outside_cone
jacobi_turan_gasper_cone	left	2	0	alpha_gt_beta	6	12	4	true	0	-1	0	28	false	positive_claim
jacobi_turan_gasper_cone	oriented	2	0	alpha_gt_beta	6	12	4	true	0	-1	0	28	false	positive_claim
jacobi_turan_gasper_cone	wrong	2	0	alpha_gt_beta	6	12	0	false	-1/21168	-2	-1/21168	0	true	outside_cone
jacobi_turan_gasper_cone	right	2	0	alpha_gt_beta	7	14	0	false	-1/45360	-2	-1/45360	0	true	outside_cone
jacobi_turan_gasper_cone	left	2	0	alpha_gt_beta	7	14	4	true	0	-1	0	36	false	positive_claim
jacobi_turan_gasper_cone	oriented	2	0	alpha_gt_beta	7	14	4	true	0	-1	0	36	false	positive_claim
jacobi_turan_gasper_cone	wrong	2	0	alpha_gt_beta	7	14	0	false	-1/45360	-2	-1/45360	0	true	outside_cone
jacobi_turan_gasper_cone	right	2	0	alpha_gt_beta	8	16	0	false	-1/89100	-2	-1/89100	0	true	outside_cone
jacobi_turan_gasper_cone	left	2	0	alpha_gt_beta	8	16	4	true	0	-1	0	45	false	positive_claim
jacobi_turan_gasper_cone	oriented	2	0	alpha_gt_beta	8	16	4	true	0	-1	0	45	false	positive_claim
jacobi_turan_gasper_cone	wrong	2	0	alpha_gt_beta	8	16	0	false	-1/89100	-2	-1/89100	0	true	outside_cone
jacobi_turan_gasper_cone	right	2	0	alpha_gt_beta	9	18	0	false	-1/163350	-2	-1/163350	0	true	outside_cone
jacobi_turan_gasper_cone	left	2	0	alpha_gt_beta	9	18	4	true	0	-1	0	55	false	positive_claim
jacobi_turan_gasper_cone	oriented	2	0	alpha_gt_beta	9	18	4	true	0	-1	0	55	false	positive_claim
jacobi_turan_gasper_cone	wrong	2	0	alpha_gt_beta	9	18	0	false	-1/163350	-2	-1/163350	0	true	outside_cone
jacobi_turan_gasper_cone	right	2	0	alpha_gt_beta	10	20	0	false	-1/283140	-2	-1/283140	0	true	outside_cone
jacobi_turan_gasper_cone	left	2	0	alpha_gt_beta	10	20	4	true	0	-1	0	66	false	positive_claim
jacobi_turan_gasper_cone	oriented	2	0	alpha_gt_beta	10	20	4	true	0	-1	0	66	false	positive_claim
jacobi_turan_gasper_cone	wrong	2	0	alpha_gt_beta	10	20	0	false	-1/283140	-2	-1/283140	0	true	outside_cone
jacobi_turan_gasper_cone	right	2	0	alpha_gt_beta	11	22	0	false	-1/468468	-2	-1/468468	0	true	outside_cone
jacobi_turan_gasper_cone	left	2	0	alpha_gt_beta	11	22	4	true	0	-1	0	78	false	positive_claim
jacobi_turan_gasper_cone	oriented	2	0	alpha_gt_beta	11	22	4	true	0	-1	0	78	false	positive_claim
jacobi_turan_gasper_cone	wrong	2	0	alpha_gt_beta	11	22	0	false	-1/468468	-2	-1/468468	0	true	outside_cone
jacobi_turan_gasper_cone	right	2	0	alpha_gt_beta	12	24	0	false	-1/745290	-2	-1/745290	0	true	outside_cone
jacobi_turan_gasper_cone	left	2	0	alpha_gt_beta	12	24	4	true	0	-1	0	91	false	positive_claim
jacobi_turan_gasper_cone	oriented	2	0	alpha_gt_beta	12	24	4	true	0	-1	0	91	false	positive_claim
jacobi_turan_gasper_cone	wrong	2	0	alpha_gt_beta	12	24	0	false	-1/745290	-2	-1/745290	0	true	outside_cone
jacobi_turan_gasper_cone	right	2	0	alpha_gt_beta	13	26	0	false	-1/1146600	-2	-1/1146600	0	true	outside_cone
jacobi_turan_gasper_cone	left	2	0	alpha_gt_beta	13	26	8	true	0	-1	0	105	false	positive_claim
jacobi_turan_gasper_cone	oriented	2	0	alpha_gt_beta	13	26	8	true	0	-1	0	105	false	positive_claim
jacobi_turan_gasper_cone	wrong	2	0	alpha_gt_beta	13	26	0	false	-1/1146600	-2	-1/1146600	0	true	outside_cone
jacobi_turan_gasper_cone	right	2	0	alpha_gt_beta	14	28	0	false	-1/1713600	-2	-1/1713600	0	true	outside_cone
jacobi_turan_gasper_cone	left	2	0	alpha_gt_beta	14	28	8	true	0	-1	0	120	false	positive_claim
jacobi_turan_gasper_cone	oriented	2	0	alpha_gt_beta	14	28	8	true	0	-1	0	120	false	positive_claim
jacobi_turan_gasper_cone	wrong	2	0	alpha_gt_beta	14	28	0	false	-1/1713600	-2	-1/1713600	0	true	outside_cone
jacobi_turan_gasper_cone	right	2	0	alpha_gt_beta	15	30	0	false	-1/2496960	-2	-1/2496960	0	true	outside_cone
jacobi_turan_gasper_cone	left	2	0	alpha_gt_beta	15	30	8	true	0	-1	0	136	false	positive_claim
jacobi_turan_gasper_cone	oriented	2	0	alpha_gt_beta	15	30	8	true	0	-1	0	136	false	positive_claim
jacobi_turan_gasper_cone	wrong	2	0	alpha_gt_beta	15	30	0	false	-1/2496960	-2	-1/2496960	0	true	outside_cone
jacobi_turan_gasper_cone	right	2	0	alpha_gt_beta	16	32	0	false	-1/3558168	-2	-1/3558168	0	true	outside_cone
jacobi_turan_gasper_cone	left	2	0	alpha_gt_beta	16	32	8	true	0	-1	0	153	false	positive_claim
jacobi_turan_gasper_cone	oriented	2	0	alpha_gt_beta	16	32	8	true	0	-1	0	153	false	positive_claim
jacobi_turan_gasper_cone	wrong	2	0	alpha_gt_beta	16	32	0	false	-1/3558168	-2	-1/3558168	0	true	outside_cone
jacobi_turan_gasper_cone	right	2	0	alpha_gt_beta	17	34	0	false	-1/4970970	-2	-1/4970970	0	true	outside_cone
jacobi_turan_gasper_cone	left	2	0	alpha_gt_beta	17	34	8	true	0	-1	0	171	false	positive_claim
jacobi_turan_gasper_cone	oriented	2	0	alpha_gt_beta	17	34	8	true	0	-1	0	171	false	positive_claim
jacobi_turan_gasper_cone	wrong	2	0	alpha_gt_beta	17	34	0	false	-1/4970970	-2	-1/4970970	0	true	outside_cone
jacobi_turan_gasper_cone	right	2	0	alpha_gt_beta	18	36	0	false	-1/6822900	-2	-1/6822900	0	true	outside_cone
jacobi_turan_gasper_cone	left	2	0	alpha_gt_beta	18	36	8	true	0	-1	0	190	false	positive_claim
jacobi_turan_gasper_cone	oriented	2	0	alpha_gt_beta	18	36	8	true	0	-1	0	190	false	positive_claim
jacobi_turan_gasper_cone	wrong	2	0	alpha_gt_beta	18	36	0	false	-1/6822900	-2	-1/6822900	0	true	outside_cone
jacobi_turan_gasper_cone	right	1/2	2	beta_gt_alpha	1	2	1	true	0	-1	4/5	0	false	positive_claim
jacobi_turan_gasper_cone	left	1/2	2	beta_gt_alpha	1	2	0	false	-1/16	-2	0	-1/16	true	outside_cone
jacobi_turan_gasper_cone	oriented	1/2	2	beta_gt_alpha	1	2	1	true	0	-1	4/5	0	false	positive_claim
jacobi_turan_gasper_cone	wrong	1/2	2	beta_gt_alpha	1	2	0	false	-1/16	-2	0	-1/16	true	outside_cone
jacobi_turan_gasper_cone	right	1/2	2	beta_gt_alpha	2	4	2	true	0	-1	192/175	0	false	positive_claim
jacobi_turan_gasper_cone	left	1/2	2	beta_gt_alpha	2	4	0	false	-3/256	-2	0	-3/256	true	outside_cone
jacobi_turan_gasper_cone	oriented	1/2	2	beta_gt_alpha	2	4	2	true	0	-1	192/175	0	false	positive_claim
jacobi_turan_gasper_cone	wrong	1/2	2	beta_gt_alpha	2	4	0	false	-3/256	-2	0	-3/256	true	outside_cone
jacobi_turan_gasper_cone	right	1/2	2	beta_gt_alpha	3	6	2	true	0	-1	1024/735	0	false	positive_claim
jacobi_turan_gasper_cone	left	1/2	2	beta_gt_alpha	3	6	0	false	-7/2048	-2	0	-7/2048	true	outside_cone
jacobi_turan_gasper_cone	oriented	1/2	2	beta_gt_alpha	3	6	2	true	0	-1	1024/735	0	false	positive_claim
jacobi_turan_gasper_cone	wrong	1/2	2	beta_gt_alpha	3	6	0	false	-7/2048	-2	0	-7/2048	true	outside_cone
jacobi_turan_gasper_cone	right	1/2	2	beta_gt_alpha	4	8	2	true	0	-1	8192/4851	0	false	positive_claim
jacobi_turan_gasper_cone	left	1/2	2	beta_gt_alpha	4	8	0	false	-21/16384	-2	0	-21/16384	true	outside_cone
jacobi_turan_gasper_cone	oriented	1/2	2	beta_gt_alpha	4	8	2	true	0	-1	8192/4851	0	false	positive_claim
jacobi_turan_gasper_cone	wrong	1/2	2	beta_gt_alpha	4	8	0	false	-21/16384	-2	0	-21/16384	true	outside_cone
jacobi_turan_gasper_cone	right	1/2	2	beta_gt_alpha	5	10	4	true	0	-1	65536/33033	0	false	positive_claim
jacobi_turan_gasper_cone	left	1/2	2	beta_gt_alpha	5	10	0	false	-297/524288	-2	0	-297/524288	true	outside_cone
jacobi_turan_gasper_cone	oriented	1/2	2	beta_gt_alpha	5	10	4	true	0	-1	65536/33033	0	false	positive_claim
jacobi_turan_gasper_cone	wrong	1/2	2	beta_gt_alpha	5	10	0	false	-297/524288	-2	0	-297/524288	true	outside_cone
jacobi_turan_gasper_cone	right	1/2	2	beta_gt_alpha	6	12	4	true	0	-1	2097152/920205	0	false	positive_claim
jacobi_turan_gasper_cone	left	1/2	2	beta_gt_alpha	6	12	0	false	-4719/16777216	-2	0	-4719/16777216	true	outside_cone
jacobi_turan_gasper_cone	oriented	1/2	2	beta_gt_alpha	6	12	4	true	0	-1	2097152/920205	0	false	positive_claim
jacobi_turan_gasper_cone	wrong	1/2	2	beta_gt_alpha	6	12	0	false	-4719/16777216	-2	0	-4719/16777216	true	outside_cone
jacobi_turan_gasper_cone	right	1/2	2	beta_gt_alpha	7	14	4	true	0	-1	67108864/26072475	0	false	positive_claim
jacobi_turan_gasper_cone	left	1/2	2	beta_gt_alpha	7	14	0	false	-20449/134217728	-2	0	-20449/134217728	true	outside_cone
jacobi_turan_gasper_cone	oriented	1/2	2	beta_gt_alpha	7	14	4	true	0	-1	67108864/26072475	0	false	positive_claim
jacobi_turan_gasper_cone	wrong	1/2	2	beta_gt_alpha	7	14	0	false	-20449/134217728	-2	0	-20449/134217728	true	outside_cone
jacobi_turan_gasper_cone	right	1/2	2	beta_gt_alpha	8	16	4	true	0	-1	1610612736/561427295	0	false	positive_claim
jacobi_turan_gasper_cone	left	1/2	2	beta_gt_alpha	8	16	0	false	-94809/1073741824	-2	0	-94809/1073741824	true	outside_cone
jacobi_turan_gasper_cone	oriented	1/2	2	beta_gt_alpha	8	16	4	true	0	-1	1610612736/561427295	0	false	positive_claim
jacobi_turan_gasper_cone	wrong	1/2	2	beta_gt_alpha	8	16	0	false	-94809/1073741824	-2	0	-94809/1073741824	true	outside_cone
jacobi_turan_gasper_cone	right	1/2	2	beta_gt_alpha	9	18	4	true	0	-1	4294967296/1357633277	0	false	positive_claim
jacobi_turan_gasper_cone	left	1/2	2	beta_gt_alpha	9	18	0	false	-927979/17179869184	-2	0	-927979/17179869184	true	outside_cone
jacobi_turan_gasper_cone	oriented	1/2	2	beta_gt_alpha	9	18	4	true	0	-1	4294967296/1357633277	0	false	positive_claim
jacobi_turan_gasper_cone	wrong	1/2	2	beta_gt_alpha	9	18	0	false	-927979/17179869184	-2	0	-927979/17179869184	true	outside_cone
jacobi_turan_gasper_cone	right	1/2	2	beta_gt_alpha	10	20	4	true	0	-1	68719476736/19870814327	0	false	positive_claim
jacobi_turan_gasper_cone	left	1/2	2	beta_gt_alpha	10	20	0	false	-9493939/274877906944	-2	0	-9493939/274877906944	true	outside_cone
jacobi_turan_gasper_cone	oriented	1/2	2	beta_gt_alpha	10	20	4	true	0	-1	68719476736/19870814327	0	false	positive_claim
jacobi_turan_gasper_cone	wrong	1/2	2	beta_gt_alpha	10	20	0	false	-9493939/274877906944	-2	0	-9493939/274877906944	true	outside_cone
jacobi_turan_gasper_cone	right	1/2	2	beta_gt_alpha	11	22	4	true	0	-1	3298534883328/878901402925	0	false	positive_claim
jacobi_turan_gasper_cone	left	1/2	2	beta_gt_alpha	11	22	0	false	-50390907/2199023255552	-2	0	-50390907/2199023255552	true	outside_cone
jacobi_turan_gasper_cone	oriented	1/2	2	beta_gt_alpha	11	22	4	true	0	-1	3298534883328/878901402925	0	false	positive_claim
jacobi_turan_gasper_cone	wrong	1/2	2	beta_gt_alpha	11	22	0	false	-50390907/2199023255552	-2	0	-50390907/2199023255552	true	outside_cone
jacobi_turan_gasper_cone	right	1/2	2	beta_gt_alpha	12	24	8	true	0	-1	8796093022208/2173107864375	0	false	positive_claim
jacobi_turan_gasper_cone	left	1/2	2	beta_gt_alpha	12	24	0	false	-275950205/17592186044416	-2	0	-275950205/17592186044416	true	outside_cone
jacobi_turan_gasper_cone	oriented	1/2	2	beta_gt_alpha	12	24	8	true	0	-1	8796093022208/2173107864375	0	false	positive_claim
jacobi_turan_gasper_cone	wrong	1/2	2	beta_gt_alpha	12	24	0	false	-275950205/17592186044416	-2	0	-275950205/17592186044416	true	outside_cone
jacobi_turan_gasper_cone	right	1/2	2	beta_gt_alpha	13	26	8	true	0	-1	70368744177664/16205175788625	0	false	positive_claim
jacobi_turan_gasper_cone	left	1/2	2	beta_gt_alpha	13	26	0	false	-12417759225/1125899906842624	-2	0	-12417759225/1125899906842624	true	outside_cone
jacobi_turan_gasper_cone	oriented	1/2	2	beta_gt_alpha	13	26	8	true	0	-1	70368744177664/16205175788625	0	false	positive_claim
jacobi_turan_gasper_cone	wrong	1/2	2	beta_gt_alpha	13	26	0	false	-12417759225/1125899906842624	-2	0	-12417759225/1125899906842624	true	outside_cone
jacobi_turan_gasper_cone	right	1/2	2	beta_gt_alpha	14	28	8	true	0	-1	4503599627370496/971230202264925	0	false	positive_claim
jacobi_turan_gasper_cone	left	1/2	2	beta_gt_alpha	14	28	0	false	-571947380775/72057594037927936	-2	0	-571947380775/72057594037927936	true	outside_cone
jacobi_turan_gasper_cone	oriented	1/2	2	beta_gt_alpha	14	28	8	true	0	-1	4503599627370496/971230202264925	0	false	positive_claim
jacobi_turan_gasper_cone	wrong	1/2	2	beta_gt_alpha	14	28	0	false	-571947380775/72057594037927936	-2	0	-571947380775/72057594037927936	true	outside_cone
jacobi_turan_gasper_cone	right	1/2	2	beta_gt_alpha	15	30	8	true	0	-1	288230376151711744/58445205701001075	0	false	positive_claim
jacobi_turan_gasper_cone	left	1/2	2	beta_gt_alpha	15	30	0	false	-3360658139325/576460752303423488	-2	0	-3360658139325/576460752303423488	true	outside_cone
jacobi_turan_gasper_cone	oriented	1/2	2	beta_gt_alpha	15	30	8	true	0	-1	288230376151711744/58445205701001075	0	false	positive_claim
jacobi_turan_gasper_cone	wrong	1/2	2	beta_gt_alpha	15	30	0	false	-3360658139325/576460752303423488	-2	0	-3360658139325/576460752303423488	true	outside_cone
jacobi_turan_gasper_cone	right	1/2	2	beta_gt_alpha	16	32	8	true	0	-1	2305843009213693952/441204003821282625	0	false	positive_claim
jacobi_turan_gasper_cone	left	1/2	2	beta_gt_alpha	16	32	0	false	-20104989921225/4611686018427387904	-2	0	-20104989921225/4611686018427387904	true	outside_cone
jacobi_turan_gasper_cone	oriented	1/2	2	beta_gt_alpha	16	32	8	true	0	-1	2305843009213693952/441204003821282625	0	false	positive_claim
jacobi_turan_gasper_cone	wrong	1/2	2	beta_gt_alpha	16	32	0	false	-20104989921225/4611686018427387904	-2	0	-20104989921225/4611686018427387904	true	outside_cone
jacobi_turan_gasper_cone	right	1/2	2	beta_gt_alpha	17	34	8	true	0	-1	18446744073709551616/3341281783324918125	0	false	positive_claim
jacobi_turan_gasper_cone	left	1/2	2	beta_gt_alpha	17	34	0	false	-244434351147525/73786976294838206464	-2	0	-244434351147525/73786976294838206464	true	outside_cone
jacobi_turan_gasper_cone	oriented	1/2	2	beta_gt_alpha	17	34	8	true	0	-1	18446744073709551616/3341281783324918125	0	false	positive_claim
jacobi_turan_gasper_cone	wrong	1/2	2	beta_gt_alpha	17	34	0	false	-244434351147525/73786976294838206464	-2	0	-244434351147525/73786976294838206464	true	outside_cone
jacobi_turan_gasper_cone	right	1/2	2	beta_gt_alpha	18	36	8	true	0	-1	295147905179352825856/50752311719345861625	0	false	positive_claim
jacobi_turan_gasper_cone	left	1/2	2	beta_gt_alpha	18	36	0	false	-3014690330819475/1180591620717411303424	-2	0	-3014690330819475/1180591620717411303424	true	outside_cone
jacobi_turan_gasper_cone	oriented	1/2	2	beta_gt_alpha	18	36	8	true	0	-1	295147905179352825856/50752311719345861625	0	false	positive_claim
jacobi_turan_gasper_cone	wrong	1/2	2	beta_gt_alpha	18	36	0	false	-3014690330819475/1180591620717411303424	-2	0	-3014690330819475/1180591620717411303424	true	outside_cone
jacobi_turan_gasper_cone	right	2	1/2	alpha_gt_beta	1	2	0	false	-1/16	-2	-1/16	0	true	outside_cone
jacobi_turan_gasper_cone	left	2	1/2	alpha_gt_beta	1	2	1	true	0	-1	0	4/5	false	positive_claim
jacobi_turan_gasper_cone	oriented	2	1/2	alpha_gt_beta	1	2	1	true	0	-1	0	4/5	false	positive_claim
jacobi_turan_gasper_cone	wrong	2	1/2	alpha_gt_beta	1	2	0	false	-1/16	-2	-1/16	0	true	outside_cone
jacobi_turan_gasper_cone	right	2	1/2	alpha_gt_beta	2	4	0	false	-3/256	-2	-3/256	0	true	outside_cone
jacobi_turan_gasper_cone	left	2	1/2	alpha_gt_beta	2	4	2	true	0	-1	0	192/175	false	positive_claim
jacobi_turan_gasper_cone	oriented	2	1/2	alpha_gt_beta	2	4	2	true	0	-1	0	192/175	false	positive_claim
jacobi_turan_gasper_cone	wrong	2	1/2	alpha_gt_beta	2	4	0	false	-3/256	-2	-3/256	0	true	outside_cone
jacobi_turan_gasper_cone	right	2	1/2	alpha_gt_beta	3	6	0	false	-7/2048	-2	-7/2048	0	true	outside_cone
jacobi_turan_gasper_cone	left	2	1/2	alpha_gt_beta	3	6	2	true	0	-1	0	1024/735	false	positive_claim
jacobi_turan_gasper_cone	oriented	2	1/2	alpha_gt_beta	3	6	2	true	0	-1	0	1024/735	false	positive_claim
jacobi_turan_gasper_cone	wrong	2	1/2	alpha_gt_beta	3	6	0	false	-7/2048	-2	-7/2048	0	true	outside_cone
jacobi_turan_gasper_cone	right	2	1/2	alpha_gt_beta	4	8	0	false	-21/16384	-2	-21/16384	0	true	outside_cone
jacobi_turan_gasper_cone	left	2	1/2	alpha_gt_beta	4	8	2	true	0	-1	0	8192/4851	false	positive_claim
jacobi_turan_gasper_cone	oriented	2	1/2	alpha_gt_beta	4	8	2	true	0	-1	0	8192/4851	false	positive_claim
jacobi_turan_gasper_cone	wrong	2	1/2	alpha_gt_beta	4	8	0	false	-21/16384	-2	-21/16384	0	true	outside_cone
jacobi_turan_gasper_cone	right	2	1/2	alpha_gt_beta	5	10	0	false	-297/524288	-2	-297/524288	0	true	outside_cone
jacobi_turan_gasper_cone	left	2	1/2	alpha_gt_beta	5	10	4	true	0	-1	0	65536/33033	false	positive_claim
jacobi_turan_gasper_cone	oriented	2	1/2	alpha_gt_beta	5	10	4	true	0	-1	0	65536/33033	false	positive_claim
jacobi_turan_gasper_cone	wrong	2	1/2	alpha_gt_beta	5	10	0	false	-297/524288	-2	-297/524288	0	true	outside_cone
jacobi_turan_gasper_cone	right	2	1/2	alpha_gt_beta	6	12	0	false	-4719/16777216	-2	-4719/16777216	0	true	outside_cone
jacobi_turan_gasper_cone	left	2	1/2	alpha_gt_beta	6	12	4	true	0	-1	0	2097152/920205	false	positive_claim
jacobi_turan_gasper_cone	oriented	2	1/2	alpha_gt_beta	6	12	4	true	0	-1	0	2097152/920205	false	positive_claim
jacobi_turan_gasper_cone	wrong	2	1/2	alpha_gt_beta	6	12	0	false	-4719/16777216	-2	-4719/16777216	0	true	outside_cone
jacobi_turan_gasper_cone	right	2	1/2	alpha_gt_beta	7	14	0	false	-20449/134217728	-2	-20449/134217728	0	true	outside_cone
jacobi_turan_gasper_cone	left	2	1/2	alpha_gt_beta	7	14	4	true	0	-1	0	67108864/26072475	false	positive_claim
jacobi_turan_gasper_cone	oriented	2	1/2	alpha_gt_beta	7	14	4	true	0	-1	0	67108864/26072475	false	positive_claim
jacobi_turan_gasper_cone	wrong	2	1/2	alpha_gt_beta	7	14	0	false	-20449/134217728	-2	-20449/134217728	0	true	outside_cone
jacobi_turan_gasper_cone	right	2	1/2	alpha_gt_beta	8	16	0	false	-94809/1073741824	-2	-94809/1073741824	0	true	outside_cone
jacobi_turan_gasper_cone	left	2	1/2	alpha_gt_beta	8	16	4	true	0	-1	0	1610612736/561427295	false	positive_claim
jacobi_turan_gasper_cone	oriented	2	1/2	alpha_gt_beta	8	16	4	true	0	-1	0	1610612736/561427295	false	positive_claim
jacobi_turan_gasper_cone	wrong	2	1/2	alpha_gt_beta	8	16	0	false	-94809/1073741824	-2	-94809/1073741824	0	true	outside_cone
jacobi_turan_gasper_cone	right	2	1/2	alpha_gt_beta	9	18	0	false	-927979/17179869184	-2	-927979/17179869184	0	true	outside_cone
jacobi_turan_gasper_cone	left	2	1/2	alpha_gt_beta	9	18	4	true	0	-1	0	4294967296/1357633277	false	positive_claim
jacobi_turan_gasper_cone	oriented	2	1/2	alpha_gt_beta	9	18	4	true	0	-1	0	4294967296/1357633277	false	positive_claim
jacobi_turan_gasper_cone	wrong	2	1/2	alpha_gt_beta	9	18	0	false	-927979/17179869184	-2	-927979/17179869184	0	true	outside_cone
jacobi_turan_gasper_cone	right	2	1/2	alpha_gt_beta	10	20	0	false	-9493939/274877906944	-2	-9493939/274877906944	0	true	outside_cone
jacobi_turan_gasper_cone	left	2	1/2	alpha_gt_beta	10	20	4	true	0	-1	0	68719476736/19870814327	false	positive_claim
jacobi_turan_gasper_cone	oriented	2	1/2	alpha_gt_beta	10	20	4	true	0	-1	0	68719476736/19870814327	false	positive_claim
jacobi_turan_gasper_cone	wrong	2	1/2	alpha_gt_beta	10	20	0	false	-9493939/274877906944	-2	-9493939/274877906944	0	true	outside_cone
jacobi_turan_gasper_cone	right	2	1/2	alpha_gt_beta	11	22	0	false	-50390907/2199023255552	-2	-50390907/2199023255552	0	true	outside_cone
jacobi_turan_gasper_cone	left	2	1/2	alpha_gt_beta	11	22	4	true	0	-1	0	3298534883328/878901402925	false	positive_claim
jacobi_turan_gasper_cone	oriented	2	1/2	alpha_gt_beta	11	22	4	true	0	-1	0	3298534883328/878901402925	false	positive_claim
jacobi_turan_gasper_cone	wrong	2	1/2	alpha_gt_beta	11	22	0	false	-50390907/2199023255552	-2	-50390907/2199023255552	0	true	outside_cone
jacobi_turan_gasper_cone	right	2	1/2	alpha_gt_beta	12	24	0	false	-275950205/17592186044416	-2	-275950205/17592186044416	0	true	outside_cone
jacobi_turan_gasper_cone	left	2	1/2	alpha_gt_beta	12	24	8	true	0	-1	0	8796093022208/2173107864375	false	positive_claim
jacobi_turan_gasper_cone	oriented	2	1/2	alpha_gt_beta	12	24	8	true	0	-1	0	8796093022208/2173107864375	false	positive_claim
jacobi_turan_gasper_cone	wrong	2	1/2	alpha_gt_beta	12	24	0	false	-275950205/17592186044416	-2	-275950205/17592186044416	0	true	outside_cone
jacobi_turan_gasper_cone	right	2	1/2	alpha_gt_beta	13	26	0	false	-12417759225/1125899906842624	-2	-12417759225/1125899906842624	0	true	outside_cone
jacobi_turan_gasper_cone	left	2	1/2	alpha_gt_beta	13	26	8	true	0	-1	0	70368744177664/16205175788625	false	positive_claim
jacobi_turan_gasper_cone	oriented	2	1/2	alpha_gt_beta	13	26	8	true	0	-1	0	70368744177664/16205175788625	false	positive_claim
jacobi_turan_gasper_cone	wrong	2	1/2	alpha_gt_beta	13	26	0	false	-12417759225/1125899906842624	-2	-12417759225/1125899906842624	0	true	outside_cone
jacobi_turan_gasper_cone	right	2	1/2	alpha_gt_beta	14	28	0	false	-571947380775/72057594037927936	-2	-571947380775/72057594037927936	0	true	outside_cone
jacobi_turan_gasper_cone	left	2	1/2	alpha_gt_beta	14	28	8	true	0	-1	0	4503599627370496/971230202264925	false	positive_claim
jacobi_turan_gasper_cone	oriented	2	1/2	alpha_gt_beta	14	28	8	true	0	-1	0	4503599627370496/971230202264925	false	positive_claim
jacobi_turan_gasper_cone	wrong	2	1/2	alpha_gt_beta	14	28	0	false	-571947380775/72057594037927936	-2	-571947380775/72057594037927936	0	true	outside_cone
jacobi_turan_gasper_cone	right	2	1/2	alpha_gt_beta	15	30	0	false	-3360658139325/576460752303423488	-2	-3360658139325/576460752303423488	0	true	outside_cone
jacobi_turan_gasper_cone	left	2	1/2	alpha_gt_beta	15	30	8	true	0	-1	0	288230376151711744/58445205701001075	false	positive_claim
jacobi_turan_gasper_cone	oriented	2	1/2	alpha_gt_beta	15	30	8	true	0	-1	0	288230376151711744/58445205701001075	false	positive_claim
jacobi_turan_gasper_cone	wrong	2	1/2	alpha_gt_beta	15	30	0	false	-3360658139325/576460752303423488	-2	-3360658139325/576460752303423488	0	true	outside_cone
jacobi_turan_gasper_cone	right	2	1/2	alpha_gt_beta	16	32	0	false	-20104989921225/4611686018427387904	-2	-20104989921225/4611686018427387904	0	true	outside_cone
jacobi_turan_gasper_cone	left	2	1/2	alpha_gt_beta	16	32	8	true	0	-1	0	2305843009213693952/441204003821282625	false	positive_claim
jacobi_turan_gasper_cone	oriented	2	1/2	alpha_gt_beta	16	32	8	true	0	-1	0	2305843009213693952/441204003821282625	false	positive_claim
jacobi_turan_gasper_cone	wrong	2	1/2	alpha_gt_beta	16	32	0	false	-20104989921225/4611686018427387904	-2	-20104989921225/4611686018427387904	0	true	outside_cone
jacobi_turan_gasper_cone	right	2	1/2	alpha_gt_beta	17	34	0	false	-244434351147525/73786976294838206464	-2	-244434351147525/73786976294838206464	0	true	outside_cone
jacobi_turan_gasper_cone	left	2	1/2	alpha_gt_beta	17	34	8	true	0	-1	0	18446744073709551616/3341281783324918125	false	positive_claim
jacobi_turan_gasper_cone	oriented	2	1/2	alpha_gt_beta	17	34	8	true	0	-1	0	18446744073709551616/3341281783324918125	false	positive_claim
jacobi_turan_gasper_cone	wrong	2	1/2	alpha_gt_beta	17	34	0	false	-244434351147525/73786976294838206464	-2	-244434351147525/73786976294838206464	0	true	outside_cone
jacobi_turan_gasper_cone	right	2	1/2	alpha_gt_beta	18	36	0	false	-3014690330819475/1180591620717411303424	-2	-3014690330819475/1180591620717411303424	0	true	outside_cone
jacobi_turan_gasper_cone	left	2	1/2	alpha_gt_beta	18	36	8	true	0	-1	0	295147905179352825856/50752311719345861625	false	positive_claim
jacobi_turan_gasper_cone	oriented	2	1/2	alpha_gt_beta	18	36	8	true	0	-1	0	295147905179352825856/50752311719345861625	false	positive_claim
jacobi_turan_gasper_cone	wrong	2	1/2	alpha_gt_beta	18	36	0	false	-3014690330819475/1180591620717411303424	-2	-3014690330819475/1180591620717411303424	0	true	outside_cone
jacobi_turan_gasper_cone	right	3	5	beta_gt_alpha	1	2	1	true	0	-1	3/20	0	false	positive_claim
jacobi_turan_gasper_cone	left	3	5	beta_gt_alpha	1	2	0	false	-2/63	-2	0	-2/63	true	outside_cone
jacobi_turan_gasper_cone	oriented	3	5	beta_gt_alpha	1	2	1	true	0	-1	3/20	0	false	positive_claim
jacobi_turan_gasper_cone	wrong	3	5	beta_gt_alpha	1	2	0	false	-2/63	-2	0	-2/63	true	outside_cone
jacobi_turan_gasper_cone	right	3	5	beta_gt_alpha	2	4	2	true	0	-1	21/100	0	false	positive_claim
jacobi_turan_gasper_cone	left	3	5	beta_gt_alpha	2	4	0	false	-5/441	-2	0	-5/441	true	outside_cone
jacobi_turan_gasper_cone	oriented	3	5	beta_gt_alpha	2	4	2	true	0	-1	21/100	0	false	positive_claim
jacobi_turan_gasper_cone	wrong	3	5	beta_gt_alpha	2	4	0	false	-5/441	-2	0	-5/441	true	outside_cone
jacobi_turan_gasper_cone	right	3	5	beta_gt_alpha	3	6	2	true	0	-1	7/25	0	false	positive_claim
jacobi_turan_gasper_cone	left	3	5	beta_gt_alpha	3	6	0	false	-25/5292	-2	0	-25/5292	true	outside_cone
jacobi_turan_gasper_cone	oriented	3	5	beta_gt_alpha	3	6	2	true	0	-1	7/25	0	false	positive_claim
jacobi_turan_gasper_cone	wrong	3	5	beta_gt_alpha	3	6	0	false	-25/5292	-2	0	-25/5292	true	outside_cone
jacobi_turan_gasper_cone	right	3	5	beta_gt_alpha	4	8	4	true	0	-1	9/25	0	false	positive_claim
jacobi_turan_gasper_cone	left	3	5	beta_gt_alpha	4	8	0	false	-5/2268	-2	0	-5/2268	true	outside_cone
jacobi_turan_gasper_cone	oriented	3	5	beta_gt_alpha	4	8	4	true	0	-1	9/25	0	false	positive_claim
jacobi_turan_gasper_cone	wrong	3	5	beta_gt_alpha	4	8	0	false	-5/2268	-2	0	-5/2268	true	outside_cone
jacobi_turan_gasper_cone	right	3	5	beta_gt_alpha	5	10	4	true	0	-1	9/20	0	false	positive_claim
jacobi_turan_gasper_cone	left	3	5	beta_gt_alpha	5	10	0	false	-1/891	-2	0	-1/891	true	outside_cone
jacobi_turan_gasper_cone	oriented	3	5	beta_gt_alpha	5	10	4	true	0	-1	9/20	0	false	positive_claim
jacobi_turan_gasper_cone	wrong	3	5	beta_gt_alpha	5	10	0	false	-1/891	-2	0	-1/891	true	outside_cone
jacobi_turan_gasper_cone	right	3	5	beta_gt_alpha	6	12	4	true	0	-1	11/20	0	false	positive_claim
jacobi_turan_gasper_cone	left	3	5	beta_gt_alpha	6	12	0	false	-2/3267	-2	0	-2/3267	true	outside_cone
jacobi_turan_gasper_cone	oriented	3	5	beta_gt_alpha	6	12	4	true	0	-1	11/20	0	false	positive_claim
jacobi_turan_gasper_cone	wrong	3	5	beta_gt_alpha	6	12	0	false	-2/3267	-2	0	-2/3267	true	outside_cone
jacobi_turan_gasper_cone	right	3	5	beta_gt_alpha	7	14	4	true	0	-1	33/50	0	false	positive_claim
jacobi_turan_gasper_cone	left	3	5	beta_gt_alpha	7	14	0	false	-5/14157	-2	0	-5/14157	true	outside_cone
jacobi_turan_gasper_cone	oriented	3	5	beta_gt_alpha	7	14	4	true	0	-1	33/50	0	false	positive_claim
jacobi_turan_gasper_cone	wrong	3	5	beta_gt_alpha	7	14	0	false	-5/14157	-2	0	-5/14157	true	outside_cone
jacobi_turan_gasper_cone	right	3	5	beta_gt_alpha	8	16	4	true	0	-1	39/50	0	false	positive_claim
jacobi_turan_gasper_cone	left	3	5	beta_gt_alpha	8	16	0	false	-25/117117	-2	0	-25/117117	true	outside_cone
jacobi_turan_gasper_cone	oriented	3	5	beta_gt_alpha	8	16	4	true	0	-1	39/50	0	false	positive_claim
jacobi_turan_gasper_cone	wrong	3	5	beta_gt_alpha	8	16	0	false	-25/117117	-2	0	-25/117117	true	outside_cone
jacobi_turan_gasper_cone	right	3	5	beta_gt_alpha	9	18	4	true	0	-1	91/100	0	false	positive_claim
jacobi_turan_gasper_cone	left	3	5	beta_gt_alpha	9	18	0	false	-10/74529	-2	0	-10/74529	true	outside_cone
jacobi_turan_gasper_cone	oriented	3	5	beta_gt_alpha	9	18	4	true	0	-1	91/100	0	false	positive_claim
jacobi_turan_gasper_cone	wrong	3	5	beta_gt_alpha	9	18	0	false	-10/74529	-2	0	-10/74529	true	outside_cone
jacobi_turan_gasper_cone	right	3	5	beta_gt_alpha	10	20	4	true	0	-1	21/20	0	false	positive_claim
jacobi_turan_gasper_cone	left	3	5	beta_gt_alpha	10	20	0	false	-1/11466	-2	0	-1/11466	true	outside_cone
jacobi_turan_gasper_cone	oriented	3	5	beta_gt_alpha	10	20	4	true	0	-1	21/20	0	false	positive_claim
jacobi_turan_gasper_cone	wrong	3	5	beta_gt_alpha	10	20	0	false	-1/11466	-2	0	-1/11466	true	outside_cone
jacobi_turan_gasper_cone	right	3	5	beta_gt_alpha	11	22	8	true	0	-1	6/5	0	false	positive_claim
jacobi_turan_gasper_cone	left	3	5	beta_gt_alpha	11	22	0	false	-1/17136	-2	0	-1/17136	true	outside_cone
jacobi_turan_gasper_cone	oriented	3	5	beta_gt_alpha	11	22	8	true	0	-1	6/5	0	false	positive_claim
jacobi_turan_gasper_cone	wrong	3	5	beta_gt_alpha	11	22	0	false	-1/17136	-2	0	-1/17136	true	outside_cone
jacobi_turan_gasper_cone	right	3	5	beta_gt_alpha	12	24	8	true	0	-1	34/25	0	false	positive_claim
jacobi_turan_gasper_cone	left	3	5	beta_gt_alpha	12	24	0	false	-5/124848	-2	0	-5/124848	true	outside_cone
jacobi_turan_gasper_cone	oriented	3	5	beta_gt_alpha	12	24	8	true	0	-1	34/25	0	false	positive_claim
jacobi_turan_gasper_cone	wrong	3	5	beta_gt_alpha	12	24	0	false	-5/124848	-2	0	-5/124848	true	outside_cone
jacobi_turan_gasper_cone	right	3	5	beta_gt_alpha	13	26	8	true	0	-1	153/100	0	false	positive_claim
jacobi_turan_gasper_cone	left	3	5	beta_gt_alpha	13	26	0	false	-25/889542	-2	0	-25/889542	true	outside_cone
jacobi_turan_gasper_cone	oriented	3	5	beta_gt_alpha	13	26	8	true	0	-1	153/100	0	false	positive_claim
jacobi_turan_gasper_cone	wrong	3	5	beta_gt_alpha	13	26	0	false	-25/889542	-2	0	-25/889542	true	outside_cone
jacobi_turan_gasper_cone	right	3	5	beta_gt_alpha	14	28	8	true	0	-1	171/100	0	false	positive_claim
jacobi_turan_gasper_cone	left	3	5	beta_gt_alpha	14	28	0	false	-10/497097	-2	0	-10/497097	true	outside_cone
jacobi_turan_gasper_cone	oriented	3	5	beta_gt_alpha	14	28	8	true	0	-1	171/100	0	false	positive_claim
jacobi_turan_gasper_cone	wrong	3	5	beta_gt_alpha	14	28	0	false	-10/497097	-2	0	-10/497097	true	outside_cone
jacobi_turan_gasper_cone	right	3	5	beta_gt_alpha	15	30	8	true	0	-1	19/10	0	false	positive_claim
jacobi_turan_gasper_cone	left	3	5	beta_gt_alpha	15	30	0	false	-1/68229	-2	0	-1/68229	true	outside_cone
jacobi_turan_gasper_cone	oriented	3	5	beta_gt_alpha	15	30	8	true	0	-1	19/10	0	false	positive_claim
jacobi_turan_gasper_cone	wrong	3	5	beta_gt_alpha	15	30	0	false	-1/68229	-2	0	-1/68229	true	outside_cone
jacobi_turan_gasper_cone	right	3	5	beta_gt_alpha	16	32	8	true	0	-1	21/10	0	false	positive_claim
jacobi_turan_gasper_cone	left	3	5	beta_gt_alpha	16	32	0	false	-1/92169	-2	0	-1/92169	true	outside_cone
jacobi_turan_gasper_cone	oriented	3	5	beta_gt_alpha	16	32	8	true	0	-1	21/10	0	false	positive_claim
jacobi_turan_gasper_cone	wrong	3	5	beta_gt_alpha	16	32	0	false	-1/92169	-2	0	-1/92169	true	outside_cone
jacobi_turan_gasper_cone	right	3	5	beta_gt_alpha	17	34	8	true	0	-1	231/100	0	false	positive_claim
jacobi_turan_gasper_cone	left	3	5	beta_gt_alpha	17	34	0	false	-10/1227303	-2	0	-10/1227303	true	outside_cone
jacobi_turan_gasper_cone	oriented	3	5	beta_gt_alpha	17	34	8	true	0	-1	231/100	0	false	positive_claim
jacobi_turan_gasper_cone	wrong	3	5	beta_gt_alpha	17	34	0	false	-10/1227303	-2	0	-10/1227303	true	outside_cone
jacobi_turan_gasper_cone	right	3	5	beta_gt_alpha	18	36	8	true	0	-1	253/100	0	false	positive_claim
jacobi_turan_gasper_cone	left	3	5	beta_gt_alpha	18	36	0	false	-25/4032567	-2	0	-25/4032567	true	outside_cone
jacobi_turan_gasper_cone	oriented	3	5	beta_gt_alpha	18	36	8	true	0	-1	253/100	0	false	positive_claim
jacobi_turan_gasper_cone	wrong	3	5	beta_gt_alpha	18	36	0	false	-25/4032567	-2	0	-25/4032567	true	outside_cone
jacobi_turan_gasper_cone	right	5	3	alpha_gt_beta	1	2	0	false	-2/63	-2	-2/63	0	true	outside_cone
jacobi_turan_gasper_cone	left	5	3	alpha_gt_beta	1	2	1	true	0	-1	0	3/20	false	positive_claim
jacobi_turan_gasper_cone	oriented	5	3	alpha_gt_beta	1	2	1	true	0	-1	0	3/20	false	positive_claim
jacobi_turan_gasper_cone	wrong	5	3	alpha_gt_beta	1	2	0	false	-2/63	-2	-2/63	0	true	outside_cone
jacobi_turan_gasper_cone	right	5	3	alpha_gt_beta	2	4	0	false	-5/441	-2	-5/441	0	true	outside_cone
jacobi_turan_gasper_cone	left	5	3	alpha_gt_beta	2	4	2	true	0	-1	0	21/100	false	positive_claim
jacobi_turan_gasper_cone	oriented	5	3	alpha_gt_beta	2	4	2	true	0	-1	0	21/100	false	positive_claim
jacobi_turan_gasper_cone	wrong	5	3	alpha_gt_beta	2	4	0	false	-5/441	-2	-5/441	0	true	outside_cone
jacobi_turan_gasper_cone	right	5	3	alpha_gt_beta	3	6	0	false	-25/5292	-2	-25/5292	0	true	outside_cone
jacobi_turan_gasper_cone	left	5	3	alpha_gt_beta	3	6	2	true	0	-1	0	7/25	false	positive_claim
jacobi_turan_gasper_cone	oriented	5	3	alpha_gt_beta	3	6	2	true	0	-1	0	7/25	false	positive_claim
jacobi_turan_gasper_cone	wrong	5	3	alpha_gt_beta	3	6	0	false	-25/5292	-2	-25/5292	0	true	outside_cone
jacobi_turan_gasper_cone	right	5	3	alpha_gt_beta	4	8	0	false	-5/2268	-2	-5/2268	0	true	outside_cone
jacobi_turan_gasper_cone	left	5	3	alpha_gt_beta	4	8	4	true	0	-1	0	9/25	false	positive_claim
jacobi_turan_gasper_cone	oriented	5	3	alpha_gt_beta	4	8	4	true	0	-1	0	9/25	false	positive_claim
jacobi_turan_gasper_cone	wrong	5	3	alpha_gt_beta	4	8	0	false	-5/2268	-2	-5/2268	0	true	outside_cone
jacobi_turan_gasper_cone	right	5	3	alpha_gt_beta	5	10	0	false	-1/891	-2	-1/891	0	true	outside_cone
jacobi_turan_gasper_cone	left	5	3	alpha_gt_beta	5	10	4	true	0	-1	0	9/20	false	positive_claim
jacobi_turan_gasper_cone	oriented	5	3	alpha_gt_beta	5	10	4	true	0	-1	0	9/20	false	positive_claim
jacobi_turan_gasper_cone	wrong	5	3	alpha_gt_beta	5	10	0	false	-1/891	-2	-1/891	0	true	outside_cone
jacobi_turan_gasper_cone	right	5	3	alpha_gt_beta	6	12	0	false	-2/3267	-2	-2/3267	0	true	outside_cone
jacobi_turan_gasper_cone	left	5	3	alpha_gt_beta	6	12	4	true	0	-1	0	11/20	false	positive_claim
jacobi_turan_gasper_cone	oriented	5	3	alpha_gt_beta	6	12	4	true	0	-1	0	11/20	false	positive_claim
jacobi_turan_gasper_cone	wrong	5	3	alpha_gt_beta	6	12	0	false	-2/3267	-2	-2/3267	0	true	outside_cone
jacobi_turan_gasper_cone	right	5	3	alpha_gt_beta	7	14	0	false	-5/14157	-2	-5/14157	0	true	outside_cone
jacobi_turan_gasper_cone	left	5	3	alpha_gt_beta	7	14	4	true	0	-1	0	33/50	false	positive_claim
jacobi_turan_gasper_cone	oriented	5	3	alpha_gt_beta	7	14	4	true	0	-1	0	33/50	false	positive_claim
jacobi_turan_gasper_cone	wrong	5	3	alpha_gt_beta	7	14	0	false	-5/14157	-2	-5/14157	0	true	outside_cone
jacobi_turan_gasper_cone	right	5	3	alpha_gt_beta	8	16	0	false	-25/117117	-2	-25/117117	0	true	outside_cone
jacobi_turan_gasper_cone	left	5	3	alpha_gt_beta	8	16	4	true	0	-1	0	39/50	false	positive_claim
jacobi_turan_gasper_cone	oriented	5	3	alpha_gt_beta	8	16	4	true	0	-1	0	39/50	false	positive_claim
jacobi_turan_gasper_cone	wrong	5	3	alpha_gt_beta	8	16	0	false	-25/117117	-2	-25/117117	0	true	outside_cone
jacobi_turan_gasper_cone	right	5	3	alpha_gt_beta	9	18	0	false	-10/74529	-2	-10/74529	0	true	outside_cone
jacobi_turan_gasper_cone	left	5	3	alpha_gt_beta	9	18	4	true	0	-1	0	91/100	false	positive_claim
jacobi_turan_gasper_cone	oriented	5	3	alpha_gt_beta	9	18	4	true	0	-1	0	91/100	false	positive_claim
jacobi_turan_gasper_cone	wrong	5	3	alpha_gt_beta	9	18	0	false	-10/74529	-2	-10/74529	0	true	outside_cone
jacobi_turan_gasper_cone	right	5	3	alpha_gt_beta	10	20	0	false	-1/11466	-2	-1/11466	0	true	outside_cone
jacobi_turan_gasper_cone	left	5	3	alpha_gt_beta	10	20	4	true	0	-1	0	21/20	false	positive_claim
jacobi_turan_gasper_cone	oriented	5	3	alpha_gt_beta	10	20	4	true	0	-1	0	21/20	false	positive_claim
jacobi_turan_gasper_cone	wrong	5	3	alpha_gt_beta	10	20	0	false	-1/11466	-2	-1/11466	0	true	outside_cone
jacobi_turan_gasper_cone	right	5	3	alpha_gt_beta	11	22	0	false	-1/17136	-2	-1/17136	0	true	outside_cone
jacobi_turan_gasper_cone	left	5	3	alpha_gt_beta	11	22	8	true	0	-1	0	6/5	false	positive_claim
jacobi_turan_gasper_cone	oriented	5	3	alpha_gt_beta	11	22	8	true	0	-1	0	6/5	false	positive_claim
jacobi_turan_gasper_cone	wrong	5	3	alpha_gt_beta	11	22	0	false	-1/17136	-2	-1/17136	0	true	outside_cone
jacobi_turan_gasper_cone	right	5	3	alpha_gt_beta	12	24	0	false	-5/124848	-2	-5/124848	0	true	outside_cone
jacobi_turan_gasper_cone	left	5	3	alpha_gt_beta	12	24	8	true	0	-1	0	34/25	false	positive_claim
jacobi_turan_gasper_cone	oriented	5	3	alpha_gt_beta	12	24	8	true	0	-1	0	34/25	false	positive_claim
jacobi_turan_gasper_cone	wrong	5	3	alpha_gt_beta	12	24	0	false	-5/124848	-2	-5/124848	0	true	outside_cone
jacobi_turan_gasper_cone	right	5	3	alpha_gt_beta	13	26	0	false	-25/889542	-2	-25/889542	0	true	outside_cone
jacobi_turan_gasper_cone	left	5	3	alpha_gt_beta	13	26	8	true	0	-1	0	153/100	false	positive_claim
jacobi_turan_gasper_cone	oriented	5	3	alpha_gt_beta	13	26	8	true	0	-1	0	153/100	false	positive_claim
jacobi_turan_gasper_cone	wrong	5	3	alpha_gt_beta	13	26	0	false	-25/889542	-2	-25/889542	0	true	outside_cone
jacobi_turan_gasper_cone	right	5	3	alpha_gt_beta	14	28	0	false	-10/497097	-2	-10/497097	0	true	outside_cone
jacobi_turan_gasper_cone	left	5	3	alpha_gt_beta	14	28	8	true	0	-1	0	171/100	false	positive_claim
jacobi_turan_gasper_cone	oriented	5	3	alpha_gt_beta	14	28	8	true	0	-1	0	171/100	false	positive_claim
jacobi_turan_gasper_cone	wrong	5	3	alpha_gt_beta	14	28	0	false	-10/497097	-2	-10/497097	0	true	outside_cone
jacobi_turan_gasper_cone	right	5	3	alpha_gt_beta	15	30	0	false	-1/68229	-2	-1/68229	0	true	outside_cone
jacobi_turan_gasper_cone	left	5	3	alpha_gt_beta	15	30	8	true	0	-1	0	19/10	false	positive_claim
jacobi_turan_gasper_cone	oriented	5	3	alpha_gt_beta	15	30	8	true	0	-1	0	19/10	false	positive_claim
jacobi_turan_gasper_cone	wrong	5	3	alpha_gt_beta	15	30	0	false	-1/68229	-2	-1/68229	0	true	outside_cone
jacobi_turan_gasper_cone	right	5	3	alpha_gt_beta	16	32	0	false	-1/92169	-2	-1/92169	0	true	outside_cone
jacobi_turan_gasper_cone	left	5	3	alpha_gt_beta	16	32	8	true	0	-1	0	21/10	false	positive_claim
jacobi_turan_gasper_cone	oriented	5	3	alpha_gt_beta	16	32	8	true	0	-1	0	21/10	false	positive_claim
jacobi_turan_gasper_cone	wrong	5	3	alpha_gt_beta	16	32	0	false	-1/92169	-2	-1/92169	0	true	outside_cone
jacobi_turan_gasper_cone	right	5	3	alpha_gt_beta	17	34	0	false	-10/1227303	-2	-10/1227303	0	true	outside_cone
jacobi_turan_gasper_cone	left	5	3	alpha_gt_beta	17	34	8	true	0	-1	0	231/100	false	positive_claim
jacobi_turan_gasper_cone	oriented	5	3	alpha_gt_beta	17	34	8	true	0	-1	0	231/100	false	positive_claim
jacobi_turan_gasper_cone	wrong	5	3	alpha_gt_beta	17	34	0	false	-10/1227303	-2	-10/1227303	0	true	outside_cone
jacobi_turan_gasper_cone	right	5	3	alpha_gt_beta	18	36	0	false	-25/4032567	-2	-25/4032567	0	true	outside_cone
jacobi_turan_gasper_cone	left	5	3	alpha_gt_beta	18	36	8	true	0	-1	0	253/100	false	positive_claim
jacobi_turan_gasper_cone	oriented	5	3	alpha_gt_beta	18	36	8	true	0	-1	0	253/100	false	positive_claim
jacobi_turan_gasper_cone	wrong	5	3	alpha_gt_beta	18	36	0	false	-25/4032567	-2	-25/4032567	0	true	outside_cone
negative_constant	none	0	0	alpha_eq_beta	0	0	0	false	-1	-2	-1	-1	true	negative
crosses_zero	none	0	0	alpha_eq_beta	0	1	0	false	-1/2	-2	-1/2	1/2	true	negative
negative_oriented_turan_alpha1_beta2_n4	oriented	1	2	beta_gt_alpha	4	8	0	false	-1/4	-2	-1/4	0	true	negative
negative_oriented_turan_alpha2_beta1_n5	oriented	2	1	alpha_gt_beta	5	10	0	false	-1/4	-2	0	-1/4	true	negative
